Order_Date,Sales,year,month,dayofweek,dayofyear,quarter,Region,Category,Profit,Quantity,State,Segment,Sub_Category
2014-01-03,16.448,2014,1,4,3,1,Central,Office Supplies,,,,,
2014-01-04,288.06,2014,1,5,4,1,Central,Office Supplies,,,,,
2014-01-05,19.536,2014,1,6,5,1,East,Office Supplies,,,,,
2014-01-06,4407.1,2014,1,0,6,1,West,Office Supplies,,,,,
2014-01-07,87.15799999999999,2014,1,1,7,1,Central,Office Supplies,,,,,
2014-01-08,0.0,2014,1,2,8,1,Central,Furniture,,,,,
2014-01-09,40.544,2014,1,3,9,1,Central,Office Supplies,,,,,
2014-01-10,54.83,2014,1,4,10,1,Central,Office Supplies,,,,,
2014-01-11,9.94,2014,1,5,11,1,East,Furniture,,,,,
2014-01-12,0.0,2014,1,6,12,1,Central,Furniture,,,,,
2014-01-13,3553.795,2014,1,0,13,1,Central,Office Supplies,,,,,
2014-01-14,61.96,2014,1,1,14,1,East,Furniture,,,,,
2014-01-15,149.95,2014,1,2,15,1,South,Technology,,,,,
2014-01-16,299.964,2014,1,3,16,1,Central,Office Supplies,,,,,
2014-01-17,0.0,2014,1,4,17,1,Central,Furniture,,,,,
2014-01-18,64.864,2014,1,5,18,1,West,Office Supplies,,,,,
2014-01-19,378.594,2014,1,6,19,1,Central,Office Supplies,,,,,
2014-01-20,2673.87,2014,1,0,20,1,Central,Office Supplies,,,,,
2014-01-21,25.248,2014,1,1,21,1,South,Furniture,,,,,
2014-01-22,0.0,2014,1,2,22,1,Central,Furniture,,,,,
2014-01-23,46.02,2014,1,3,23,1,West,Office Supplies,,,,,
2014-01-24,0.0,2014,1,4,24,1,Central,Furniture,,,,,
2014-01-25,0.0,2014,1,5,25,1,Central,Furniture,,,,,
2014-01-26,1097.25,2014,1,6,26,1,Central,Office Supplies,,,,,
2014-01-27,426.67,2014,1,0,27,1,Central,Office Supplies,,,,,
2014-01-28,3.928,2014,1,1,28,1,East,Office Supplies,,,,,
2014-01-29,0.0,2014,1,2,29,1,Central,Furniture,,,,,
2014-01-30,240.5,2014,1,3,30,1,Central,Office Supplies,,,,,
2014-01-31,290.666,2014,1,4,31,1,West,Furniture,,,,,
2014-02-01,468.9,2014,2,5,32,1,Central,Technology,,,,,
2014-02-02,211.646,2014,2,6,33,1,West,Office Supplies,,,,,
2014-02-03,97.112,2014,2,0,34,1,Central,Office Supplies,,,,,
2014-02-04,134.384,2014,2,1,35,1,Central,Office Supplies,,,,,
2014-02-05,0.0,2014,2,2,36,1,Central,Furniture,,,,,
2014-02-06,330.512,2014,2,3,37,1,Central,Office Supplies,,,,,
2014-02-07,180.32,2014,2,4,38,1,Central,Office Supplies,,,,,
2014-02-08,14.56,2014,2,5,39,1,West,Furniture,,,,,
2014-02-09,0.0,2014,2,6,40,1,Central,Furniture,,,,,
2014-02-10,0.0,2014,2,0,41,1,Central,Furniture,,,,,
2014-02-11,2043.4,2014,2,1,42,1,Central,Office Supplies,,,,,
2014-02-12,129.568,2014,2,2,43,1,West,Furniture,,,,,
2014-02-13,0.0,2014,2,3,44,1,Central,Furniture,,,,,
2014-02-14,576.726,2014,2,4,45,1,Central,Office Supplies,,,,,
2014-02-15,21.36,2014,2,5,46,1,West,Office Supplies,,,,,
2014-02-16,9.04,2014,2,6,47,1,Central,Office Supplies,,,,,
2014-02-17,54.208,2014,2,0,48,1,Central,Office Supplies,,,,,
2014-02-18,37.784,2014,2,1,49,1,Central,Office Supplies,,,,,
2014-02-19,0.0,2014,2,2,50,1,Central,Furniture,,,,,
2014-02-20,95.59,2014,2,3,51,1,West,Office Supplies,,,,,
2014-02-21,8.85,2014,2,4,52,1,Central,Office Supplies,,,,,
2014-02-22,19.44,2014,2,5,53,1,West,Office Supplies,,,,,
2014-02-23,11.364,2014,2,6,54,1,Central,Office Supplies,,,,,
2014-02-24,55.672,2014,2,0,55,1,Central,Office Supplies,,,,,
2014-02-25,0.0,2014,2,1,56,1,Central,Furniture,,,,,
2014-02-26,0.0,2014,2,2,57,1,Central,Furniture,,,,,
2014-02-27,19.456,2014,2,3,58,1,East,Office Supplies,,,,,
2014-02-28,0.0,2014,2,4,59,1,Central,Furniture,,,,,
2014-03-01,2203.151,2014,3,5,60,1,East,Office Supplies,,,,,
2014-03-02,202.384,2014,3,6,61,1,Central,Office Supplies,,,,,
2014-03-03,1345.8919999999998,2014,3,0,62,1,South,Office Supplies,,,,,
2014-03-04,370.452,2014,3,1,63,1,Central,Office Supplies,,,,,
2014-03-05,705.562,2014,3,2,64,1,Central,Office Supplies,,,,,
2014-03-06,0.0,2014,3,3,65,1,Central,Furniture,,,,,
2014-03-07,1561.062,2014,3,4,66,1,Central,Office Supplies,,,,,
2014-03-08,0.0,2014,3,5,67,1,Central,Furniture,,,,,
2014-03-09,0.0,2014,3,6,68,1,Central,Furniture,,,,,
2014-03-10,741.956,2014,3,0,69,1,Central,Office Supplies,,,,,
2014-03-11,918.314,2014,3,1,70,1,West,Office Supplies,,,,,
2014-03-12,0.0,2014,3,2,71,1,Central,Furniture,,,,,
2014-03-13,0.0,2014,3,3,72,1,Central,Furniture,,,,,
2014-03-14,2108.55,2014,3,4,73,1,Central,Office Supplies,,,,,
2014-03-15,370.782,2014,3,5,74,1,Central,Office Supplies,,,,,
2014-03-16,471.92,2014,3,6,75,1,South,Technology,,,,,
2014-03-17,3960.358,2014,3,0,76,1,Central,Office Supplies,,,,,
2014-03-18,28106.716,2014,3,1,77,1,Central,Office Supplies,,,,,
2014-03-19,590.762,2014,3,2,78,1,Central,Office Supplies,,,,,
2014-03-20,0.0,2014,3,3,79,1,Central,Furniture,,,,,
2014-03-21,4109.816,2014,3,4,80,1,Central,Office Supplies,,,,,
2014-03-22,464.093,2014,3,5,81,1,Central,Office Supplies,,,,,
2014-03-23,945.064,2014,3,6,82,1,South,Office Supplies,,,,,
2014-03-24,65.38,2014,3,0,83,1,East,Office Supplies,,,,,
2014-03-25,459.146,2014,3,1,84,1,East,Office Supplies,,,,,
2014-03-26,145.13,2014,3,2,85,1,Central,Office Supplies,,,,,
2014-03-27,0.0,2014,3,3,86,1,Central,Furniture,,,,,
2014-03-28,1823.804,2014,3,4,87,1,East,Office Supplies,,,,,
2014-03-29,890.841,2014,3,5,88,1,Central,Furniture,,,,,
2014-03-30,1170.322,2014,3,6,89,1,Central,Office Supplies,,,,,
2014-03-31,1959.552,2014,3,0,90,1,East,Office Supplies,,,,,
2014-04-01,119.888,2014,4,1,91,2,Central,Office Supplies,,,,,
2014-04-02,1458.558,2014,4,2,92,2,Central,Office Supplies,,,,,
2014-04-03,233.45,2014,4,3,93,2,Central,Office Supplies,,,,,
2014-04-04,475.844,2014,4,4,94,2,Central,Office Supplies,,,,,
2014-04-05,5295.098000000001,2014,4,5,95,2,East,Office Supplies,,,,,
2014-04-06,1650.69,2014,4,6,96,2,Central,Office Supplies,,,,,
2014-04-07,1021.17,2014,4,0,97,2,Central,Office Supplies,,,,,
2014-04-08,1958.75,2014,4,1,98,2,East,Office Supplies,,,,,
2014-04-09,0.0,2014,4,2,99,2,Central,Furniture,,,,,
2014-04-10,0.0,2014,4,3,100,2,Central,Furniture,,,,,
2014-04-11,1915.24,2014,4,4,101,2,Central,Office Supplies,,,,,
2014-04-12,1912.123,2014,4,5,102,2,Central,Office Supplies,,,,,
2014-04-13,638.576,2014,4,6,103,2,Central,Office Supplies,,,,,
2014-04-14,0.0,2014,4,0,104,2,Central,Furniture,,,,,
2014-04-15,294.72,2014,4,1,105,2,Central,Office Supplies,,,,,
2014-04-16,39.072,2014,4,2,106,2,South,Office Supplies,,,,,
2014-04-17,0.0,2014,4,3,107,2,Central,Furniture,,,,,
2014-04-18,1020.532,2014,4,4,108,2,Central,Office Supplies,,,,,
2014-04-19,205.47,2014,4,5,109,2,West,Office Supplies,,,,,
2014-04-20,1250.45,2014,4,6,110,2,West,Office Supplies,,,,,
2014-04-21,845.36,2014,4,0,111,2,South,Office Supplies,,,,,
2014-04-22,257.752,2014,4,1,112,2,Central,Office Supplies,,,,,
2014-04-23,643.98,2014,4,2,113,2,West,Office Supplies,,,,,
2014-04-24,0.0,2014,4,3,114,2,Central,Furniture,,,,,
2014-04-25,2379.994,2014,4,4,115,2,South,Office Supplies,,,,,
2014-04-26,282.568,2014,4,5,116,2,Central,Office Supplies,,,,,
2014-04-27,0.0,2014,4,6,117,2,Central,Furniture,,,,,
2014-04-28,2578.476,2014,4,0,118,2,West,Office Supplies,,,,,
2014-04-29,768.8439999999999,2014,4,1,119,2,Central,Office Supplies,,,,,
2014-04-30,1048.74,2014,4,2,120,2,Central,Office Supplies,,,,,
2014-05-01,0.0,2014,5,3,121,2,Central,Furniture,,,,,
2014-05-02,506.12,2014,5,4,122,2,East,Office Supplies,,,,,
2014-05-03,72.632,2014,5,5,123,2,Central,Office Supplies,,,,,
2014-05-04,187.432,2014,5,6,124,2,East,Office Supplies,,,,,
2014-05-05,260.977,2014,5,0,125,2,Central,Office Supplies,,,,,
2014-05-06,254.456,2014,5,1,126,2,Central,Office Supplies,,,,,
2014-05-07,1091.35,2014,5,2,127,2,Central,Office Supplies,,,,,
2014-05-08,1799.97,2014,5,3,128,2,East,Technology,,,,,
2014-05-09,394.48,2014,5,4,129,2,Central,Office Supplies,,,,,
2014-05-10,2343.799,2014,5,5,130,2,Central,Office Supplies,,,,,
2014-05-11,1642.802,2014,5,6,131,2,East,Office Supplies,,,,,
2014-05-12,734.846,2014,5,0,132,2,East,Furniture,,,,,
2014-05-13,898.382,2014,5,1,133,2,Central,Office Supplies,,,,,
2014-05-14,310.88,2014,5,2,134,2,South,Furniture,,,,,
2014-05-15,0.0,2014,5,3,135,2,Central,Furniture,,,,,
2014-05-16,289.28,2014,5,4,136,2,Central,Technology,,,,,
2014-05-17,91.68,2014,5,5,137,2,Central,Office Supplies,,,,,
2014-05-18,948.948,2014,5,6,138,2,Central,Office Supplies,,,,,
2014-05-19,91.62,2014,5,0,139,2,South,Office Supplies,,,,,
2014-05-20,320.10400000000004,2014,5,1,140,2,Central,Office Supplies,,,,,
2014-05-21,4264.328,2014,5,2,141,2,West,Office Supplies,,,,,
2014-05-22,180.93,2014,5,3,142,2,Central,Technology,,,,,
2014-05-23,323.75800000000004,2014,5,4,143,2,West,Office Supplies,,,,,
2014-05-24,116.28,2014,5,5,144,2,East,Office Supplies,,,,,
2014-05-25,119.54,2014,5,6,145,2,East,Office Supplies,,,,,
2014-05-26,1325.718,2014,5,0,146,2,Central,Office Supplies,,,,,
2014-05-27,2157.394,2014,5,1,147,2,Central,Office Supplies,,,,,
2014-05-28,221.968,2014,5,2,148,2,Central,Office Supplies,,,,,
2014-05-29,0.0,2014,5,3,149,2,Central,Furniture,,,,,
2014-05-30,1924.913,2014,5,4,150,2,South,Office Supplies,,,,,
2014-05-31,773.7,2014,5,5,151,2,Central,Technology,,,,,
2014-06-01,5188.52,2014,6,6,152,2,Central,Office Supplies,,,,,
2014-06-02,738.598,2014,6,0,153,2,Central,Office Supplies,,,,,
2014-06-03,741.336,2014,6,1,154,2,West,Office Supplies,,,,,
2014-06-04,456.272,2014,6,2,155,2,Central,Office Supplies,,,,,
2014-06-05,0.0,2014,6,3,156,2,Central,Furniture,,,,,
2014-06-06,1374.0010000000002,2014,6,4,157,2,Central,Office Supplies,,,,,
2014-06-07,281.397,2014,6,5,158,2,Central,Office Supplies,,,,,
2014-06-08,2501.264,2014,6,6,159,2,South,Office Supplies,,,,,
2014-06-09,5463.008,2014,6,0,160,2,South,Office Supplies,,,,,
2014-06-10,491.55,2014,6,1,161,2,Central,Office Supplies,,,,,
2014-06-11,0.0,2014,6,2,162,2,Central,Furniture,,,,,
2014-06-12,0.0,2014,6,3,163,2,Central,Furniture,,,,,
2014-06-13,14.52,2014,6,4,164,2,West,Office Supplies,,,,,
2014-06-14,212.94,2014,6,5,165,2,Central,Furniture,,,,,
2014-06-15,942.974,2014,6,6,166,2,Central,Office Supplies,,,,,
2014-06-16,763.792,2014,6,0,167,2,Central,Office Supplies,,,,,
2014-06-17,3418.5020000000004,2014,6,1,168,2,East,Office Supplies,,,,,
2014-06-18,139.8,2014,6,2,169,2,West,Technology,,,,,
2014-06-19,0.0,2014,6,3,170,2,Central,Furniture,,,,,
2014-06-20,1828.9496,2014,6,4,171,2,Central,Office Supplies,,,,,
2014-06-21,4107.443,2014,6,5,172,2,Central,Office Supplies,,,,,
2014-06-22,1975.498,2014,6,6,173,2,Central,Office Supplies,,,,,
2014-06-23,109.496,2014,6,0,174,2,East,Office Supplies,,,,,
2014-06-24,4.272,2014,6,1,175,2,West,Furniture,,,,,
2014-06-25,792.76,2014,6,2,176,2,Central,Office Supplies,,,,,
2014-06-26,0.0,2014,6,3,177,2,Central,Furniture,,,,,
2014-06-27,616.14,2014,6,4,178,2,Central,Office Supplies,,,,,
2014-06-28,1645.791,2014,6,5,179,2,Central,Office Supplies,,,,,
2014-06-29,46.68,2014,6,6,180,2,Central,Office Supplies,,,,,
2014-06-30,739.624,2014,6,0,181,2,South,Office Supplies,,,,,
2014-07-01,601.0239999999999,2014,7,1,182,3,West,Office Supplies,,,,,
2014-07-02,79.56,2014,7,2,183,3,Central,Office Supplies,,,,,
2014-07-03,0.0,2014,7,3,184,3,Central,Furniture,,,,,
2014-07-04,247.408,2014,7,4,185,3,Central,Office Supplies,,,,,
2014-07-05,1444.104,2014,7,5,186,3,West,Office Supplies,,,,,
2014-07-06,1038.472,2014,7,6,187,3,East,Technology,,,,,
2014-07-07,241.194,2014,7,0,188,3,Central,Furniture,,,,,
2014-07-08,763.0740000000001,2014,7,1,189,3,East,Office Supplies,,,,,
2014-07-09,265.521,2014,7,2,190,3,Central,Office Supplies,,,,,
2014-07-10,0.0,2014,7,3,191,3,Central,Furniture,,,,,
2014-07-11,2187.206,2014,7,4,192,3,Central,Office Supplies,,,,,
2014-07-12,1960.012,2014,7,5,193,3,Central,Office Supplies,,,,,
2014-07-13,351.216,2014,7,6,194,3,West,Furniture,,,,,
2014-07-14,292.594,2014,7,0,195,3,West,Office Supplies,,,,,
2014-07-15,9.51,2014,7,1,196,3,Central,Office Supplies,,,,,
2014-07-16,0.0,2014,7,2,197,3,Central,Furniture,,,,,
2014-07-17,0.0,2014,7,3,198,3,Central,Furniture,,,,,
2014-07-18,273.04,2014,7,4,199,3,East,Office Supplies,,,,,
2014-07-19,461.326,2014,7,5,200,3,West,Office Supplies,,,,,
2014-07-20,2285.786,2014,7,6,201,3,Central,Office Supplies,,,,,
2014-07-21,1961.482,2014,7,0,202,3,Central,Office Supplies,,,,,
2014-07-22,1348.344,2014,7,1,203,3,Central,Office Supplies,,,,,
2014-07-23,2613.184,2014,7,2,204,3,East,Office Supplies,,,,,
2014-07-24,0.0,2014,7,3,205,3,Central,Furniture,,,,,
2014-07-25,8341.289999999999,2014,7,4,206,3,Central,Office Supplies,,,,,
2014-07-26,5039.994,2014,7,5,207,3,Central,Office Supplies,,,,,
2014-07-27,580.06,2014,7,6,208,3,East,Office Supplies,,,,,
2014-07-28,193.152,2014,7,0,209,3,Central,Office Supplies,,,,,
2014-07-29,0.0,2014,7,1,210,3,Central,Furniture,,,,,
2014-07-30,1367.84,2014,7,2,211,3,West,Furniture,,,,,
2014-07-31,0.0,2014,7,3,212,3,Central,Furniture,,,,,
2014-08-01,228.328,2014,8,4,213,3,East,Office Supplies,,,,,
2014-08-02,886.28,2014,8,5,214,3,Central,Office Supplies,,,,,
2014-08-03,477.994,2014,8,6,215,3,Central,Office Supplies,,,,,
2014-08-04,2743.154,2014,8,0,216,3,Central,Office Supplies,,,,,
2014-08-05,2408.724,2014,8,1,217,3,Central,Office Supplies,,,,,
2014-08-06,262.89,2014,8,2,218,3,East,Technology,,,,,
2014-08-07,0.0,2014,8,3,219,3,Central,Furniture,,,,,
2014-08-08,3955.629,2014,8,4,220,3,South,Office Supplies,,,,,
2014-08-09,3605.685,2014,8,5,221,3,Central,Office Supplies,,,,,
2014-08-10,0.0,2014,8,6,222,3,Central,Furniture,,,,,
2014-08-11,451.62,2014,8,0,223,3,East,Office Supplies,,,,,
2014-08-12,1832.38,2014,8,1,224,3,East,Office Supplies,,,,,
2014-08-13,0.0,2014,8,2,225,3,Central,Furniture,,,,,
2014-08-14,0.0,2014,8,3,226,3,Central,Furniture,,,,,
2014-08-15,842.7819999999999,2014,8,4,227,3,East,Office Supplies,,,,,
2014-08-16,853.092,2014,8,5,228,3,East,Furniture,,,,,
2014-08-17,500.342,2014,8,6,229,3,Central,Office Supplies,,,,,
2014-08-18,0.0,2014,8,0,230,3,Central,Furniture,,,,,
2014-08-19,1439.106,2014,8,1,231,3,Central,Office Supplies,,,,,
2014-08-20,1838.722,2014,8,2,232,3,Central,Office Supplies,,,,,
2014-08-21,0.0,2014,8,3,233,3,Central,Furniture,,,,,
2014-08-22,23.104,2014,8,4,234,3,East,Office Supplies,,,,,
2014-08-23,565.224,2014,8,5,235,3,Central,Office Supplies,,,,,
2014-08-24,59.74,2014,8,6,236,3,South,Office Supplies,,,,,
2014-08-25,1451.65,2014,8,0,237,3,Central,Office Supplies,,,,,
2014-08-26,366.81,2014,8,1,238,3,West,Office Supplies,,,,,
2014-08-27,2070.13,2014,8,2,239,3,Central,Office Supplies,,,,,
2014-08-28,0.0,2014,8,3,240,3,Central,Furniture,,,,,
2014-08-29,832.3225,2014,8,4,241,3,Central,Office Supplies,,,,,
2014-08-30,121.24,2014,8,5,242,3,Central,Office Supplies,,,,,
2014-08-31,92.52,2014,8,6,243,3,West,Technology,,,,,
2014-09-01,469.436,2014,9,0,244,3,West,Office Supplies,,,,,
2014-09-02,3254.15,2014,9,1,245,3,South,Office Supplies,,,,,
2014-09-03,22.08,2014,9,2,246,3,East,Office Supplies,,,,,
2014-09-04,0.0,2014,9,3,247,3,Central,Furniture,,,,,
2014-09-05,296.304,2014,9,4,248,3,East,Office Supplies,,,,,
2014-09-06,100.36,2014,9,5,249,3,Central,Office Supplies,,,,,
2014-09-07,3523.875,2014,9,6,250,3,Central,Office Supplies,,,,,
2014-09-08,14228.428,2014,9,0,251,3,Central,Office Supplies,,,,,
2014-09-09,4043.588,2014,9,1,252,3,South,Office Supplies,,,,,
2014-09-10,1855.228,2014,9,2,253,3,South,Office Supplies,,,,,
2014-09-11,127.95,2014,9,3,254,3,West,Furniture,,,,,
2014-09-12,4904.66,2014,9,4,255,3,Central,Office Supplies,,,,,
2014-09-13,1275.408,2014,9,5,256,3,South,Office Supplies,,,,,
2014-09-14,5023.716,2014,9,6,257,3,Central,Office Supplies,,,,,
2014-09-15,133.436,2014,9,0,258,3,Central,Office Supplies,,,,,
2014-09-16,33.552,2014,9,1,259,3,East,Office Supplies,,,,,
2014-09-17,820.523,2014,9,2,260,3,East,Office Supplies,,,,,
2014-09-18,0.0,2014,9,3,261,3,Central,Furniture,,,,,
2014-09-19,9338.637,2014,9,4,262,3,East,Office Supplies,,,,,
2014-09-20,5335.968000000001,2014,9,5,263,3,South,Office Supplies,,,,,
2014-09-21,2679.652,2014,9,6,264,3,Central,Office Supplies,,,,,
2014-09-22,1240.266,2014,9,0,265,3,South,Office Supplies,,,,,
2014-09-23,10662.337,2014,9,1,266,3,Central,Office Supplies,,,,,
2014-09-24,211.96,2014,9,2,267,3,West,Office Supplies,,,,,
2014-09-25,354.88880000000006,2014,9,3,268,3,West,Office Supplies,,,,,
2014-09-26,1480.614,2014,9,4,269,3,Central,Office Supplies,,,,,
2014-09-27,773.4399999999999,2014,9,5,270,3,East,Office Supplies,,,,,
2014-09-28,490.292,2014,9,6,271,3,East,Office Supplies,,,,,
2014-09-29,8109.07,2014,9,0,272,3,Central,Office Supplies,,,,,
2014-09-30,987.532,2014,9,1,273,3,West,Office Supplies,,,,,
2014-10-01,4.71,2014,10,2,274,4,West,Office Supplies,,,,,
2014-10-02,598.144,2014,10,3,275,4,Central,Office Supplies,,,,,
2014-10-03,862.683,2014,10,4,276,4,Central,Office Supplies,,,,,
2014-10-04,728.7479999999999,2014,10,5,277,4,East,Office Supplies,,,,,
2014-10-05,191.9,2014,10,6,278,4,East,Office Supplies,,,,,
2014-10-06,494.71,2014,10,0,279,4,East,Office Supplies,,,,,
2014-10-07,237.36,2014,10,1,280,4,East,Office Supplies,,,,,
2014-10-08,147.392,2014,10,2,281,4,East,Office Supplies,,,,,
2014-10-09,249.36,2014,10,3,282,4,South,Office Supplies,,,,,
2014-10-10,2049.386,2014,10,4,283,4,Central,Office Supplies,,,,,
2014-10-11,1381.164,2014,10,5,284,4,Central,Office Supplies,,,,,
2014-10-12,58.53,2014,10,6,285,4,Central,Office Supplies,,,,,
2014-10-13,2212.182,2014,10,0,286,4,Central,Office Supplies,,,,,
2014-10-14,4525.484,2014,10,1,287,4,Central,Office Supplies,,,,,
2014-10-15,206.724,2014,10,2,288,4,South,Office Supplies,,,,,
2014-10-16,194.322,2014,10,3,289,4,Central,Office Supplies,,,,,
2014-10-17,136.068,2014,10,4,290,4,Central,Office Supplies,,,,,
2014-10-18,3134.916,2014,10,5,291,4,Central,Office Supplies,,,,,
2014-10-19,641.104,2014,10,6,292,4,Central,Office Supplies,,,,,
2014-10-20,1501.104,2014,10,0,293,4,Central,Office Supplies,,,,,
2014-10-21,1356.602,2014,10,1,294,4,West,Office Supplies,,,,,
2014-10-22,223.808,2014,10,2,295,4,East,Furniture,,,,,
2014-10-23,0.0,2014,10,3,296,4,Central,Furniture,,,,,
2014-10-24,56.49,2014,10,4,297,4,West,Office Supplies,,,,,
2014-10-25,103.882,2014,10,5,298,4,West,Office Supplies,,,,,
2014-10-26,447.88,2014,10,6,299,4,Central,Technology,,,,,
2014-10-27,22.32,2014,10,0,300,4,Central,Office Supplies,,,,,
2014-10-28,1510.582,2014,10,1,301,4,Central,Office Supplies,,,,,
2014-10-29,2813.8120000000004,2014,10,2,302,4,Central,Office Supplies,,,,,
2014-10-30,0.0,2014,10,3,303,4,Central,Furniture,,,,,
2014-10-31,5362.026,2014,10,4,304,4,Central,Office Supplies,,,,,
2014-11-01,4732.08,2014,11,5,305,4,Central,Office Supplies,,,,,
2014-11-02,2126.37,2014,11,6,306,4,South,Office Supplies,,,,,
2014-11-03,2784.163,2014,11,0,307,4,West,Office Supplies,,,,,
2014-11-04,6693.7480000000005,2014,11,1,308,4,Central,Office Supplies,,,,,
2014-11-05,1694.564,2014,11,2,309,4,West,Office Supplies,,,,,
2014-11-06,43.68,2014,11,3,310,4,South,Office Supplies,,,,,
2014-11-07,1449.142,2014,11,4,311,4,Central,Office Supplies,,,,,
2014-11-08,333.576,2014,11,5,312,4,West,Technology,,,,,
2014-11-09,1574.094,2014,11,6,313,4,East,Office Supplies,,,,,
2014-11-10,2002.556,2014,11,0,314,4,Central,Office Supplies,,,,,
2014-11-11,8114.548,2014,11,1,315,4,Central,Office Supplies,,,,,
2014-11-12,1054.7612,2014,11,2,316,4,South,Office Supplies,,,,,
2014-11-13,0.0,2014,11,3,317,4,Central,Furniture,,,,,
2014-11-14,1034.73,2014,11,4,318,4,South,Office Supplies,,,,,
2014-11-15,1780.822,2014,11,5,319,4,Central,Office Supplies,,,,,
2014-11-16,1355.9285,2014,11,6,320,4,Central,Office Supplies,,,,,
2014-11-17,11544.274,2014,11,0,321,4,Central,Office Supplies,,,,,
2014-11-18,3406.855,2014,11,1,322,4,Central,Office Supplies,,,,,
2014-11-19,7226.086,2014,11,2,323,4,West,Office Supplies,,,,,
2014-11-20,907.56,2014,11,3,324,4,Central,Office Supplies,,,,,
2014-11-21,1249.622,2014,11,4,325,4,Central,Office Supplies,,,,,
2014-11-22,1103.298,2014,11,5,326,4,West,Office Supplies,,,,,
2014-11-23,1363.28,2014,11,6,327,4,East,Office Supplies,,,,,
2014-11-24,5578.606,2014,11,0,328,4,South,Office Supplies,,,,,
2014-11-25,4415.695,2014,11,1,329,4,Central,Office Supplies,,,,,
2014-11-26,1705.99,2014,11,2,330,4,Central,Office Supplies,,,,,
2014-11-27,203.66,2014,11,3,331,4,Central,Office Supplies,,,,,
2014-11-28,2280.83,2014,11,4,332,4,East,Office Supplies,,,,,
2014-11-29,649.044,2014,11,5,333,4,Central,Office Supplies,,,,,
2014-11-30,219.154,2014,11,6,334,4,East,Office Supplies,,,,,
2014-12-01,5624.39,2014,12,0,335,4,South,Office Supplies,,,,,
2014-12-02,1771.808,2014,12,1,336,4,Central,Office Supplies,,,,,
2014-12-03,505.88,2014,12,2,337,4,Central,Office Supplies,,,,,
2014-12-04,129.98,2014,12,3,338,4,East,Technology,,,,,
2014-12-05,2963.642,2014,12,4,339,4,South,Office Supplies,,,,,
2014-12-06,1970.978,2014,12,5,340,4,South,Office Supplies,,,,,
2014-12-07,548.4,2014,12,6,341,4,South,Office Supplies,,,,,
2014-12-08,1095.12,2014,12,0,342,4,Central,Office Supplies,,,,,
2014-12-09,1522.652,2014,12,1,343,4,Central,Office Supplies,,,,,
2014-12-10,573.336,2014,12,2,344,4,Central,Office Supplies,,,,,
2014-12-11,0.0,2014,12,3,345,4,Central,Furniture,,,,,
2014-12-12,4938.4045,2014,12,4,346,4,South,Office Supplies,,,,,
2014-12-13,293.152,2014,12,5,347,4,South,Office Supplies,,,,,
2014-12-14,7641.658,2014,12,6,348,4,South,Office Supplies,,,,,
2014-12-15,1264.466,2014,12,0,349,4,East,Technology,,,,,
2014-12-16,4394.187,2014,12,1,350,4,Central,Office Supplies,,,,,
2014-12-17,45.534,2014,12,2,351,4,East,Office Supplies,,,,,
2014-12-18,0.0,2014,12,3,352,4,Central,Furniture,,,,,
2014-12-19,3436.76,2014,12,4,353,4,Central,Office Supplies,,,,,
2014-12-20,6962.4400000000005,2014,12,5,354,4,Central,Office Supplies,,,,,
2014-12-21,1933.44,2014,12,6,355,4,East,Office Supplies,,,,,
2014-12-22,798.968,2014,12,0,356,4,West,Office Supplies,,,,,
2014-12-23,942.108,2014,12,1,357,4,Central,Office Supplies,,,,,
2014-12-24,1950.202,2014,12,2,358,4,East,Office Supplies,,,,,
2014-12-25,0.0,2014,12,3,359,4,Central,Furniture,,,,,
2014-12-26,2041.414,2014,12,4,360,4,Central,Office Supplies,,,,,
2014-12-27,2966.388,2014,12,5,361,4,Central,Office Supplies,,,,,
2014-12-28,3732.296,2014,12,6,362,4,Central,Office Supplies,,,,,
2014-12-29,2072.096,2014,12,0,363,4,East,Office Supplies,,,,,
2014-12-30,2172.6510000000003,2014,12,1,364,4,South,Office Supplies,,,,,
2014-12-31,5253.27,2014,12,2,365,4,West,Office Supplies,,,,,
2015-01-01,0.0,2015,1,3,1,1,Central,Furniture,,,,,
2015-01-02,1932.096,2015,1,4,2,1,Central,Office Supplies,,,,,
2015-01-03,1768.2216,2015,1,5,3,1,Central,Office Supplies,,,,,
2015-01-04,264.46000000000004,2015,1,6,4,1,South,Office Supplies,,,,,
2015-01-05,295.272,2015,1,0,5,1,Central,Office Supplies,,,,,
2015-01-06,31.538,2015,1,1,6,1,Central,Office Supplies,,,,,
2015-01-07,0.0,2015,1,2,7,1,Central,Furniture,,,,,
2015-01-08,0.0,2015,1,3,8,1,Central,Furniture,,,,,
2015-01-09,364.07,2015,1,4,9,1,Central,Office Supplies,,,,,
2015-01-10,1018.104,2015,1,5,10,1,East,Furniture,,,,,
2015-01-11,0.0,2015,1,6,11,1,Central,Furniture,,,,,
2015-01-12,854.614,2015,1,0,12,1,Central,Office Supplies,,,,,
2015-01-13,622.278,2015,1,1,13,1,South,Office Supplies,,,,,
2015-01-14,0.0,2015,1,2,14,1,Central,Furniture,,,,,
2015-01-15,0.0,2015,1,3,15,1,Central,Furniture,,,,,
2015-01-16,0.0,2015,1,4,16,1,Central,Furniture,,,,,
2015-01-17,350.384,2015,1,5,17,1,East,Office Supplies,,,,,
2015-01-18,0.0,2015,1,6,18,1,Central,Furniture,,,,,
2015-01-19,301.742,2015,1,0,19,1,Central,Furniture,,,,,
2015-01-20,0.0,2015,1,1,20,1,Central,Furniture,,,,,
2015-01-21,0.0,2015,1,2,21,1,Central,Furniture,,,,,
2015-01-22,0.0,2015,1,3,22,1,Central,Furniture,,,,,
2015-01-23,43.66,2015,1,4,23,1,Central,Office Supplies,,,,,
2015-01-24,13.12,2015,1,5,24,1,South,Office Supplies,,,,,
2015-01-25,0.0,2015,1,6,25,1,Central,Furniture,,,,,
2015-01-26,182.72,2015,1,0,26,1,West,Office Supplies,,,,,
2015-01-27,3573.252,2015,1,1,27,1,West,Technology,,,,,
2015-01-28,4297.644,2015,1,2,28,1,South,Furniture,,,,,
2015-01-29,0.0,2015,1,3,29,1,Central,Furniture,,,,,
2015-01-30,2161.6400000000003,2015,1,4,30,1,Central,Office Supplies,,,,,
2015-01-31,99.26,2015,1,5,31,1,Central,Office Supplies,,,,,
2015-02-01,0.0,2015,2,6,32,1,Central,Furniture,,,,,
2015-02-02,0.0,2015,2,0,33,1,Central,Furniture,,,,,
2015-02-03,492.836,2015,2,1,34,1,East,Office Supplies,,,,,
2015-02-04,0.0,2015,2,2,35,1,Central,Furniture,,,,,
2015-02-05,0.0,2015,2,3,36,1,Central,Furniture,,,,,
2015-02-06,2432.544,2015,2,4,37,1,West,Office Supplies,,,,,
2015-02-07,324.11,2015,2,5,38,1,Central,Office Supplies,,,,,
2015-02-08,129.09199999999998,2015,2,6,39,1,East,Office Supplies,,,,,
2015-02-09,785.5519999999999,2015,2,0,40,1,West,Office Supplies,,,,,
2015-02-10,77.24,2015,2,1,41,1,East,Office Supplies,,,,,
2015-02-11,0.0,2015,2,2,42,1,Central,Furniture,,,,,
2015-02-12,0.0,2015,2,3,43,1,Central,Furniture,,,,,
2015-02-13,0.0,2015,2,4,44,1,Central,Furniture,,,,,
2015-02-14,1079.962,2015,2,5,45,1,Central,Office Supplies,,,,,
2015-02-15,1602.38,2015,2,6,46,1,Central,Office Supplies,,,,,
2015-02-16,160.43,2015,2,0,47,1,East,Office Supplies,,,,,
2015-02-17,0.0,2015,2,1,48,1,Central,Furniture,,,,,
2015-02-18,105.844,2015,2,2,49,1,Central,Office Supplies,,,,,
2015-02-19,0.0,2015,2,3,50,1,Central,Furniture,,,,,
2015-02-20,316.78000000000003,2015,2,4,51,1,East,Office Supplies,,,,,
2015-02-21,2591.1,2015,2,5,52,1,East,Office Supplies,,,,,
2015-02-22,79.36,2015,2,6,53,1,Central,Office Supplies,,,,,
2015-02-23,37.776,2015,2,0,54,1,Central,Office Supplies,,,,,
2015-02-24,0.0,2015,2,1,55,1,Central,Furniture,,,,,
2015-02-25,25.87,2015,2,2,56,1,Central,Office Supplies,,,,,
2015-02-26,0.0,2015,2,3,57,1,Central,Furniture,,,,,
2015-02-27,1159.2710000000002,2015,2,4,58,1,West,Office Supplies,,,,,
2015-02-28,551.264,2015,2,5,59,1,Central,Furniture,,,,,
2015-03-01,1642.1744,2015,3,6,60,1,East,Office Supplies,,,,,
2015-03-02,899.5699999999999,2015,3,0,61,1,West,Office Supplies,,,,,
2015-03-03,0.0,2015,3,1,62,1,Central,Furniture,,,,,
2015-03-04,0.0,2015,3,2,63,1,Central,Furniture,,,,,
2015-03-05,1969.267,2015,3,3,64,1,Central,Office Supplies,,,,,
2015-03-06,1555.244,2015,3,4,65,1,Central,Technology,,,,,
2015-03-07,807.54,2015,3,5,66,1,Central,Office Supplies,,,,,
2015-03-08,2563.2960000000003,2015,3,6,67,1,East,Office Supplies,,,,,
2015-03-09,478.008,2015,3,0,68,1,South,Office Supplies,,,,,
2015-03-10,90.932,2015,3,1,69,1,East,Office Supplies,,,,,
2015-03-11,0.0,2015,3,2,70,1,Central,Furniture,,,,,
2015-03-12,51.016000000000005,2015,3,3,71,1,Central,Office Supplies,,,,,
2015-03-13,1384.856,2015,3,4,72,1,Central,Furniture,,,,,
2015-03-14,707.9000000000001,2015,3,5,73,1,West,Office Supplies,,,,,
2015-03-15,16.776,2015,3,6,74,1,West,Technology,,,,,
2015-03-16,7230.209999999999,2015,3,0,75,1,Central,Office Supplies,,,,,
2015-03-17,48.84,2015,3,1,76,1,Central,Office Supplies,,,,,
2015-03-18,0.0,2015,3,2,77,1,Central,Furniture,,,,,
2015-03-19,5652.9396,2015,3,3,78,1,South,Office Supplies,,,,,
2015-03-20,1548.194,2015,3,4,79,1,West,Office Supplies,,,,,
2015-03-21,1270.379,2015,3,5,80,1,Central,Office Supplies,,,,,
2015-03-22,2481.424,2015,3,6,81,1,Central,Office Supplies,,,,,
2015-03-23,633.302,2015,3,0,82,1,Central,Office Supplies,,,,,
2015-03-24,412.95,2015,3,1,83,1,South,Office Supplies,,,,,
2015-03-25,0.0,2015,3,2,84,1,Central,Furniture,,,,,
2015-03-26,4623.37,2015,3,3,85,1,South,Office Supplies,,,,,
2015-03-27,83.7,2015,3,4,86,1,West,Office Supplies,,,,,
2015-03-28,243.344,2015,3,5,87,1,Central,Office Supplies,,,,,
2015-03-29,1559.0800000000002,2015,3,6,88,1,East,Office Supplies,,,,,
2015-03-30,571.224,2015,3,0,89,1,Central,Office Supplies,,,,,
2015-03-31,200.716,2015,3,1,90,1,South,Office Supplies,,,,,
2015-04-01,0.0,2015,4,2,91,2,Central,Furniture,,,,,
2015-04-02,299.22,2015,4,3,92,2,Central,Office Supplies,,,,,
2015-04-03,0.0,2015,4,4,93,2,Central,Furniture,,,,,
2015-04-04,1484.598,2015,4,5,94,2,Central,Office Supplies,,,,,
2015-04-05,2974.058,2015,4,6,95,2,South,Office Supplies,,,,,
2015-04-06,140.004,2015,4,0,96,2,South,Office Supplies,,,,,
2015-04-07,907.436,2015,4,1,97,2,Central,Office Supplies,,,,,
2015-04-08,0.0,2015,4,2,98,2,Central,Furniture,,,,,
2015-04-09,757.992,2015,4,3,99,2,West,Office Supplies,,,,,
2015-04-10,169.54199999999997,2015,4,4,100,2,West,Office Supplies,,,,,
2015-04-11,1328.346,2015,4,5,101,2,Central,Office Supplies,,,,,
2015-04-12,40.74,2015,4,6,102,2,West,Office Supplies,,,,,
2015-04-13,3192.6780000000003,2015,4,0,103,2,Central,Office Supplies,,,,,
2015-04-14,35.208,2015,4,1,104,2,West,Office Supplies,,,,,
2015-04-15,0.0,2015,4,2,105,2,Central,Furniture,,,,,
2015-04-16,4161.972,2015,4,3,106,2,Central,Office Supplies,,,,,
2015-04-17,2745.106,2015,4,4,107,2,Central,Office Supplies,,,,,
2015-04-18,2006.96,2015,4,5,108,2,East,Office Supplies,,,,,
2015-04-19,329.96,2015,4,6,109,2,Central,Office Supplies,,,,,
2015-04-20,1194.726,2015,4,0,110,2,Central,Office Supplies,,,,,
2015-04-21,893.0899999999999,2015,4,1,111,2,Central,Office Supplies,,,,,
2015-04-22,152.916,2015,4,2,112,2,Central,Office Supplies,,,,,
2015-04-23,0.0,2015,4,3,113,2,Central,Furniture,,,,,
2015-04-24,25.99,2015,4,4,114,2,East,Office Supplies,,,,,
2015-04-25,920.946,2015,4,5,115,2,East,Office Supplies,,,,,
2015-04-26,2090.1055,2015,4,6,116,2,Central,Office Supplies,,,,,
2015-04-27,2719.59,2015,4,0,117,2,Central,Office Supplies,,,,,
2015-04-28,4044.362,2015,4,1,118,2,Central,Office Supplies,,,,,
2015-04-29,7.968,2015,4,2,119,2,East,Office Supplies,,,,,
2015-04-30,1571.695,2015,4,3,120,2,Central,Office Supplies,,,,,
2015-05-01,450.94,2015,5,4,121,2,Central,Office Supplies,,,,,
2015-05-02,167.232,2015,5,5,122,2,Central,Office Supplies,,,,,
2015-05-03,2198.76,2015,5,6,123,2,Central,Office Supplies,,,,,
2015-05-04,1121.362,2015,5,0,124,2,East,Office Supplies,,,,,
2015-05-05,0.0,2015,5,1,125,2,Central,Furniture,,,,,
2015-05-06,0.0,2015,5,2,126,2,Central,Furniture,,,,,
2015-05-07,305.622,2015,5,3,127,2,South,Office Supplies,,,,,
2015-05-08,3981.968,2015,5,4,128,2,West,Office Supplies,,,,,
2015-05-09,48.81,2015,5,5,129,2,South,Office Supplies,,,,,
2015-05-10,154.442,2015,5,6,130,2,West,Office Supplies,,,,,
2015-05-11,191.968,2015,5,0,131,2,West,Furniture,,,,,
2015-05-12,1060.35,2015,5,1,132,2,East,Office Supplies,,,,,
2015-05-13,238.384,2015,5,2,133,2,Central,Office Supplies,,,,,
2015-05-14,3141.1995,2015,5,3,134,2,Central,Office Supplies,,,,,
2015-05-15,69.908,2015,5,4,135,2,East,Office Supplies,,,,,
2015-05-16,255.968,2015,5,5,136,2,South,Technology,,,,,
2015-05-17,134.46800000000002,2015,5,6,137,2,Central,Office Supplies,,,,,
2015-05-18,10.86,2015,5,0,138,2,West,Office Supplies,,,,,
2015-05-19,0.0,2015,5,1,139,2,Central,Furniture,,,,,
2015-05-20,169.54399999999998,2015,5,2,140,2,Central,Office Supplies,,,,,
2015-05-21,72.332,2015,5,3,141,2,East,Office Supplies,,,,,
2015-05-22,3862.098,2015,5,4,142,2,Central,Office Supplies,,,,,
2015-05-23,1304.956,2015,5,5,143,2,East,Office Supplies,,,,,
2015-05-24,610.3069999999999,2015,5,6,144,2,Central,Office Supplies,,,,,
2015-05-25,1739.418,2015,5,0,145,2,South,Office Supplies,,,,,
2015-05-26,982.564,2015,5,1,146,2,West,Office Supplies,,,,,
2015-05-27,0.0,2015,5,2,147,2,Central,Furniture,,,,,
2015-05-28,794.146,2015,5,3,148,2,West,Office Supplies,,,,,
2015-05-29,1204.842,2015,5,4,149,2,Central,Office Supplies,,,,,
2015-05-30,681.1,2015,5,5,150,2,South,Office Supplies,,,,,
2015-05-31,5178.138,2015,5,6,151,2,South,Office Supplies,,,,,
2015-06-01,834.1980000000001,2015,6,0,152,2,West,Office Supplies,,,,,
2015-06-02,0.0,2015,6,1,153,2,Central,Furniture,,,,,
2015-06-03,0.0,2015,6,2,154,2,Central,Furniture,,,,,
2015-06-04,1192.31,2015,6,3,155,2,Central,Office Supplies,,,,,
2015-06-05,1533.198,2015,6,4,156,2,East,Office Supplies,,,,,
2015-06-06,0.0,2015,6,5,157,2,Central,Furniture,,,,,
2015-06-07,59.768,2015,6,6,158,2,West,Office Supplies,,,,,
2015-06-08,1083.112,2015,6,0,159,2,Central,Office Supplies,,,,,
2015-06-09,797.116,2015,6,1,160,2,Central,Office Supplies,,,,,
2015-06-10,0.0,2015,6,2,161,2,Central,Furniture,,,,,
2015-06-11,3373.5640000000003,2015,6,3,162,2,Central,Office Supplies,,,,,
2015-06-12,174.476,2015,6,4,163,2,South,Office Supplies,,,,,
2015-06-13,1128.898,2015,6,5,164,2,West,Office Supplies,,,,,
2015-06-14,51.072,2015,6,6,165,2,East,Furniture,,,,,
2015-06-15,734.144,2015,6,0,166,2,South,Office Supplies,,,,,
2015-06-16,3443.904,2015,6,1,167,2,Central,Office Supplies,,,,,
2015-06-17,0.0,2015,6,2,168,2,Central,Furniture,,,,,
2015-06-18,1883.087,2015,6,3,169,2,Central,Office Supplies,,,,,
2015-06-19,446.346,2015,6,4,170,2,East,Office Supplies,,,,,
2015-06-20,829.544,2015,6,5,171,2,East,Technology,,,,,
2015-06-21,107.976,2015,6,6,172,2,South,Technology,,,,,
2015-06-22,2018.953,2015,6,0,173,2,East,Office Supplies,,,,,
2015-06-23,836.9580000000001,2015,6,1,174,2,Central,Office Supplies,,,,,
2015-06-24,0.0,2015,6,2,175,2,Central,Furniture,,,,,
2015-06-25,857.08,2015,6,3,176,2,Central,Office Supplies,,,,,
2015-06-26,1592.196,2015,6,4,177,2,East,Office Supplies,,,,,
2015-06-27,0.0,2015,6,5,178,2,Central,Furniture,,,,,
2015-06-28,1386.466,2015,6,6,179,2,Central,Office Supplies,,,,,
2015-06-29,432.926,2015,6,0,180,2,Central,Office Supplies,,,,,
2015-06-30,0.0,2015,6,1,181,2,Central,Furniture,,,,,
2015-07-01,0.0,2015,7,2,182,3,Central,Furniture,,,,,
2015-07-02,1631.902,2015,7,3,183,3,East,Office Supplies,,,,,
2015-07-03,823.982,2015,7,4,184,3,Central,Office Supplies,,,,,
2015-07-04,1138.288,2015,7,5,185,3,East,Office Supplies,,,,,
2015-07-05,121.646,2015,7,6,186,3,Central,Office Supplies,,,,,
2015-07-06,1379.812,2015,7,0,187,3,West,Office Supplies,,,,,
2015-07-07,0.0,2015,7,1,188,3,Central,Furniture,,,,,
2015-07-08,21.12,2015,7,2,189,3,Central,Office Supplies,,,,,
2015-07-09,1587.114,2015,7,3,190,3,South,Office Supplies,,,,,
2015-07-10,43.286,2015,7,4,191,3,Central,Office Supplies,,,,,
2015-07-11,1941.952,2015,7,5,192,3,Central,Office Supplies,,,,,
2015-07-12,2052.567,2015,7,6,193,3,Central,Office Supplies,,,,,
2015-07-13,2033.256,2015,7,0,194,3,South,Office Supplies,,,,,
2015-07-14,860.9159999999999,2015,7,1,195,3,Central,Office Supplies,,,,,
2015-07-15,0.0,2015,7,2,196,3,Central,Furniture,,,,,
2015-07-16,3029.386,2015,7,3,197,3,Central,Office Supplies,,,,,
2015-07-17,448.082,2015,7,4,198,3,South,Office Supplies,,,,,
2015-07-18,672.418,2015,7,5,199,3,West,Office Supplies,,,,,
2015-07-19,2.025,2015,7,6,200,3,West,Office Supplies,,,,,
2015-07-20,2693.168,2015,7,0,201,3,Central,Office Supplies,,,,,
2015-07-21,0.0,2015,7,1,202,3,Central,Furniture,,,,,
2015-07-22,0.0,2015,7,2,203,3,Central,Furniture,,,,,
2015-07-23,208.272,2015,7,3,204,3,Central,Office Supplies,,,,,
2015-07-24,525.95,2015,7,4,205,3,Central,Office Supplies,,,,,
2015-07-25,2395.024,2015,7,5,206,3,East,Office Supplies,,,,,
2015-07-26,969.225,2015,7,6,207,3,East,Office Supplies,,,,,
2015-07-27,29.97,2015,7,0,208,3,South,Technology,,,,,
2015-07-28,0.0,2015,7,1,209,3,Central,Furniture,,,,,
2015-07-29,0.0,2015,7,2,210,3,Central,Furniture,,,,,
2015-07-30,443.802,2015,7,3,211,3,Central,Office Supplies,,,,,
2015-07-31,3712.162,2015,7,4,212,3,South,Office Supplies,,,,,
2015-08-01,1011.696,2015,8,5,213,3,Central,Office Supplies,,,,,
2015-08-02,1290.478,2015,8,6,214,3,Central,Office Supplies,,,,,
2015-08-03,0.0,2015,8,0,215,3,Central,Furniture,,,,,
2015-08-04,0.0,2015,8,1,216,3,Central,Furniture,,,,,
2015-08-05,72.65,2015,8,2,217,3,Central,Office Supplies,,,,,
2015-08-06,494.8692,2015,8,3,218,3,Central,Office Supplies,,,,,
2015-08-07,968.206,2015,8,4,219,3,Central,Office Supplies,,,,,
2015-08-08,840.102,2015,8,5,220,3,Central,Office Supplies,,,,,
2015-08-09,4878.392000000001,2015,8,6,221,3,South,Office Supplies,,,,,
2015-08-10,851.4739999999999,2015,8,0,222,3,Central,Office Supplies,,,,,
2015-08-11,196.112,2015,8,1,223,3,South,Office Supplies,,,,,
2015-08-12,0.0,2015,8,2,224,3,Central,Furniture,,,,,
2015-08-13,586.896,2015,8,3,225,3,East,Office Supplies,,,,,
2015-08-14,0.0,2015,8,4,226,3,Central,Furniture,,,,,
2015-08-15,497.59,2015,8,5,227,3,Central,Office Supplies,,,,,
2015-08-16,3378.932,2015,8,6,228,3,Central,Office Supplies,,,,,
2015-08-17,381.64,2015,8,0,229,3,East,Office Supplies,,,,,
2015-08-18,0.0,2015,8,1,230,3,Central,Furniture,,,,,
2015-08-19,0.0,2015,8,2,231,3,Central,Furniture,,,,,
2015-08-20,0.0,2015,8,3,232,3,Central,Furniture,,,,,
2015-08-21,2827.52,2015,8,4,233,3,Central,Office Supplies,,,,,
2015-08-22,66.632,2015,8,5,234,3,Central,Office Supplies,,,,,
2015-08-23,1202.278,2015,8,6,235,3,Central,Office Supplies,,,,,
2015-08-24,7194.775000000001,2015,8,0,236,3,West,Office Supplies,,,,,
2015-08-25,178.52599999999998,2015,8,1,237,3,Central,Office Supplies,,,,,
2015-08-26,0.0,2015,8,2,238,3,Central,Furniture,,,,,
2015-08-27,639.9739999999999,2015,8,3,239,3,Central,Office Supplies,,,,,
2015-08-28,6491.293,2015,8,4,240,3,East,Office Supplies,,,,,
2015-08-29,246.5,2015,8,5,241,3,Central,Technology,,,,,
2015-08-30,0.0,2015,8,6,242,3,Central,Furniture,,,,,
2015-08-31,2601.797,2015,8,0,243,3,Central,Office Supplies,,,,,
2015-09-01,2367.564,2015,9,1,244,3,Central,Office Supplies,,,,,
2015-09-02,0.0,2015,9,2,245,3,Central,Furniture,,,,,
2015-09-03,1874.898,2015,9,3,246,3,South,Office Supplies,,,,,
2015-09-04,1071.284,2015,9,4,247,3,East,Office Supplies,,,,,
2015-09-05,934.103,2015,9,5,248,3,South,Office Supplies,,,,,
2015-09-06,1005.654,2015,9,6,249,3,Central,Office Supplies,,,,,
2015-09-07,2922.667,2015,9,0,250,3,South,Office Supplies,,,,,
2015-09-08,89.64,2015,9,1,251,3,South,Office Supplies,,,,,
2015-09-09,0.0,2015,9,2,252,3,Central,Furniture,,,,,
2015-09-10,1415.726,2015,9,3,253,3,Central,Office Supplies,,,,,
2015-09-11,1962.13,2015,9,4,254,3,Central,Office Supplies,,,,,
2015-09-12,707.824,2015,9,5,255,3,West,Office Supplies,,,,,
2015-09-13,3445.772,2015,9,6,256,3,East,Office Supplies,,,,,
2015-09-14,3262.42,2015,9,0,257,3,South,Office Supplies,,,,,
2015-09-15,2535.85,2015,9,1,258,3,Central,Office Supplies,,,,,
2015-09-16,31.12,2015,9,2,259,3,South,Office Supplies,,,,,
2015-09-17,11525.006,2015,9,3,260,3,South,Office Supplies,,,,,
2015-09-18,3924.32,2015,9,4,261,3,South,Office Supplies,,,,,
2015-09-19,500.38,2015,9,5,262,3,East,Office Supplies,,,,,
2015-09-20,1836.052,2015,9,6,263,3,West,Office Supplies,,,,,
2015-09-21,6982.058,2015,9,0,264,3,Central,Office Supplies,,,,,
2015-09-22,1783.504,2015,9,1,265,3,Central,Office Supplies,,,,,
2015-09-23,0.0,2015,9,2,266,3,Central,Furniture,,,,,
2015-09-24,4220.594,2015,9,3,267,3,South,Office Supplies,,,,,
2015-09-25,3033.757,2015,9,4,268,3,Central,Office Supplies,,,,,
2015-09-26,3722.273,2015,9,5,269,3,Central,Office Supplies,,,,,
2015-09-27,2382.958,2015,9,6,270,3,Central,Office Supplies,,,,,
2015-09-28,1058.364,2015,9,0,271,3,Central,Office Supplies,,,,,
2015-09-29,0.0,2015,9,1,272,3,Central,Furniture,,,,,
2015-09-30,0.0,2015,9,2,273,3,Central,Furniture,,,,,
2015-10-01,1158.414,2015,10,3,274,4,Central,Office Supplies,,,,,
2015-10-02,1269.266,2015,10,4,275,4,South,Office Supplies,,,,,
2015-10-03,275.218,2015,10,5,276,4,West,Office Supplies,,,,,
2015-10-04,505.58,2015,10,6,277,4,South,Office Supplies,,,,,
2015-10-05,851.092,2015,10,0,278,4,Central,Office Supplies,,,,,
2015-10-06,0.0,2015,10,1,279,4,Central,Furniture,,,,,
2015-10-07,0.0,2015,10,2,280,4,Central,Furniture,,,,,
2015-10-08,222.12,2015,10,3,281,4,West,Office Supplies,,,,,
2015-10-09,2133.5350000000003,2015,10,4,282,4,Central,Office Supplies,,,,,
2015-10-10,2248.194,2015,10,5,283,4,South,Office Supplies,,,,,
2015-10-11,1011.8955,2015,10,6,284,4,East,Office Supplies,,,,,
2015-10-12,2390.758,2015,10,0,285,4,Central,Office Supplies,,,,,
2015-10-13,371.66,2015,10,1,286,4,Central,Technology,,,,,
2015-10-14,0.0,2015,10,2,287,4,Central,Furniture,,,,,
2015-10-15,3219.554,2015,10,3,288,4,Central,Office Supplies,,,,,
2015-10-16,824.97,2015,10,4,289,4,East,Technology,,,,,
2015-10-17,77.88,2015,10,5,290,4,West,Office Supplies,,,,,
2015-10-18,378.494,2015,10,6,291,4,Central,Office Supplies,,,,,
2015-10-19,2135.09,2015,10,0,292,4,East,Office Supplies,,,,,
2015-10-20,720.086,2015,10,1,293,4,East,Office Supplies,,,,,
2015-10-21,0.0,2015,10,2,294,4,Central,Furniture,,,,,
2015-10-22,15.128,2015,10,3,295,4,South,Office Supplies,,,,,
2015-10-23,2262.296,2015,10,4,296,4,Central,Office Supplies,,,,,
2015-10-24,831.145,2015,10,5,297,4,West,Office Supplies,,,,,
2015-10-25,1425.412,2015,10,6,298,4,Central,Office Supplies,,,,,
2015-10-26,1395.333,2015,10,0,299,4,Central,Office Supplies,,,,,
2015-10-27,0.0,2015,10,1,300,4,Central,Furniture,,,,,
2015-10-28,104.51,2015,10,2,301,4,Central,Office Supplies,,,,,
2015-10-29,244.24,2015,10,3,302,4,Central,Office Supplies,,,,,
2015-10-30,2122.044,2015,10,4,303,4,East,Office Supplies,,,,,
2015-10-31,3211.009,2015,10,5,304,4,Central,Office Supplies,,,,,
2015-11-01,3106.106,2015,11,6,305,4,South,Office Supplies,,,,,
2015-11-02,5528.551,2015,11,0,306,4,South,Office Supplies,,,,,
2015-11-03,2800.846,2015,11,1,307,4,East,Office Supplies,,,,,
2015-11-04,0.0,2015,11,2,308,4,Central,Furniture,,,,,
2015-11-05,834.874,2015,11,3,309,4,Central,Office Supplies,,,,,
2015-11-06,11.481,2015,11,4,310,4,Central,Office Supplies,,,,,
2015-11-07,3073.073,2015,11,5,311,4,West,Office Supplies,,,,,
2015-11-08,12196.997,2015,11,6,312,4,Central,Office Supplies,,,,,
2015-11-09,4620.292,2015,11,0,313,4,West,Office Supplies,,,,,
2015-11-10,3536.904,2015,11,1,314,4,East,Office Supplies,,,,,
2015-11-11,542.178,2015,11,2,315,4,Central,Office Supplies,,,,,
2015-11-12,1127.992,2015,11,3,316,4,East,Office Supplies,,,,,
2015-11-13,3591.0772,2015,11,4,317,4,Central,Office Supplies,,,,,
2015-11-14,2512.71,2015,11,5,318,4,Central,Office Supplies,,,,,
2015-11-15,702.17,2015,11,6,319,4,South,Office Supplies,,,,,
2015-11-16,4072.334,2015,11,0,320,4,East,Office Supplies,,,,,
2015-11-17,3885.986,2015,11,1,321,4,Central,Office Supplies,,,,,
2015-11-18,0.0,2015,11,2,322,4,Central,Furniture,,,,,
2015-11-19,1040.784,2015,11,3,323,4,Central,Office Supplies,,,,,
2015-11-20,2861.15,2015,11,4,324,4,Central,Office Supplies,,,,,
2015-11-21,3613.5748,2015,11,5,325,4,South,Office Supplies,,,,,
2015-11-22,614.499,2015,11,6,326,4,Central,Office Supplies,,,,,
2015-11-23,3450.188,2015,11,0,327,4,Central,Office Supplies,,,,,
2015-11-24,1218.764,2015,11,1,328,4,Central,Office Supplies,,,,,
2015-11-25,13.12,2015,11,2,329,4,South,Office Supplies,,,,,
2015-11-26,1484.082,2015,11,3,330,4,South,Office Supplies,,,,,
2015-11-27,3109.7835,2015,11,4,331,4,Central,Office Supplies,,,,,
2015-11-28,1864.482,2015,11,5,332,4,Central,Office Supplies,,,,,
2015-11-29,2760.168,2015,11,6,333,4,Central,Office Supplies,,,,,
2015-11-30,1798.3970000000002,2015,11,0,334,4,Central,Office Supplies,,,,,
2015-12-01,7130.594,2015,12,1,335,4,Central,Office Supplies,,,,,
2015-12-02,0.0,2015,12,2,336,4,Central,Furniture,,,,,
2015-12-03,1972.645,2015,12,3,337,4,West,Office Supplies,,,,,
2015-12-04,5185.814,2015,12,4,338,4,Central,Office Supplies,,,,,
2015-12-05,897.322,2015,12,5,339,4,South,Office Supplies,,,,,
2015-12-06,6061.502,2015,12,6,340,4,South,Office Supplies,,,,,
2015-12-07,1338.298,2015,12,0,341,4,Central,Office Supplies,,,,,
2015-12-08,2672.728,2015,12,1,342,4,Central,Office Supplies,,,,,
2015-12-09,34.02,2015,12,2,343,4,Central,Office Supplies,,,,,
2015-12-10,3080.38,2015,12,3,344,4,Central,Office Supplies,,,,,
2015-12-11,1590.894,2015,12,4,345,4,East,Office Supplies,,,,,
2015-12-12,1448.854,2015,12,5,346,4,East,Office Supplies,,,,,
2015-12-13,1023.386,2015,12,6,347,4,Central,Office Supplies,,,,,
2015-12-14,858.304,2015,12,0,348,4,Central,Office Supplies,,,,,
2015-12-15,5494.796,2015,12,1,349,4,South,Office Supplies,,,,,
2015-12-16,4.98,2015,12,2,350,4,West,Office Supplies,,,,,
2015-12-17,1918.492,2015,12,3,351,4,Central,Office Supplies,,,,,
2015-12-18,935.288,2015,12,4,352,4,West,Office Supplies,,,,,
2015-12-19,6120.656,2015,12,5,353,4,Central,Office Supplies,,,,,
2015-12-20,1107.464,2015,12,6,354,4,East,Office Supplies,,,,,
2015-12-21,3257.76,2015,12,0,355,4,East,Office Supplies,,,,,
2015-12-22,473.313,2015,12,1,356,4,Central,Office Supplies,,,,,
2015-12-23,194.32,2015,12,2,357,4,South,Office Supplies,,,,,
2015-12-24,7484.566000000001,2015,12,3,358,4,Central,Office Supplies,,,,,
2015-12-25,4204.968,2015,12,4,359,4,Central,Office Supplies,,,,,
2015-12-26,561.486,2015,12,5,360,4,Central,Office Supplies,,,,,
2015-12-27,5148.4472,2015,12,6,361,4,Central,Office Supplies,,,,,
2015-12-28,79.2,2015,12,0,362,4,East,Office Supplies,,,,,
2015-12-29,6.36,2015,12,1,363,4,East,Office Supplies,,,,,
2015-12-30,3251.34,2015,12,2,364,4,Central,Office Supplies,,,,,
2015-12-31,1381.344,2015,12,3,365,4,West,Office Supplies,,,,,
2016-01-01,0.0,2016,1,4,1,1,Central,Furniture,,,,,
2016-01-02,405.92,2016,1,5,2,1,Central,Technology,,,,,
2016-01-03,2095.83,2016,1,6,3,1,West,Office Supplies,,,,,
2016-01-04,1069.22,2016,1,0,4,1,South,Office Supplies,,,,,
2016-01-05,255.904,2016,1,1,5,1,Central,Office Supplies,,,,,
2016-01-06,0.0,2016,1,2,6,1,Central,Furniture,,,,,
2016-01-07,83.576,2016,1,3,7,1,West,Office Supplies,,,,,
2016-01-08,1859.158,2016,1,4,8,1,Central,Office Supplies,,,,,
2016-01-09,743.0459999999999,2016,1,5,9,1,East,Technology,,,,,
2016-01-10,174.75,2016,1,6,10,1,Central,Technology,,,,,
2016-01-11,149.444,2016,1,0,11,1,Central,Office Supplies,,,,,
2016-01-12,0.0,2016,1,1,12,1,Central,Furniture,,,,,
2016-01-13,0.0,2016,1,2,13,1,Central,Furniture,,,,,
2016-01-14,405.344,2016,1,3,14,1,Central,Office Supplies,,,,,
2016-01-15,701.923,2016,1,4,15,1,Central,Office Supplies,,,,,
2016-01-16,102.218,2016,1,5,16,1,Central,Office Supplies,,,,,
2016-01-17,1040.55,2016,1,6,17,1,South,Technology,,,,,
2016-01-18,0.0,2016,1,0,18,1,Central,Furniture,,,,,
2016-01-19,0.0,2016,1,1,19,1,Central,Furniture,,,,,
2016-01-20,0.0,2016,1,2,20,1,Central,Furniture,,,,,
2016-01-21,1167.056,2016,1,3,21,1,Central,Furniture,,,,,
2016-01-22,917.63,2016,1,4,22,1,Central,Office Supplies,,,,,
2016-01-23,1732.3,2016,1,5,23,1,West,Office Supplies,,,,,
2016-01-24,31.36,2016,1,6,24,1,South,Office Supplies,,,,,
2016-01-25,858.712,2016,1,0,25,1,Central,Office Supplies,,,,,
2016-01-26,0.0,2016,1,1,26,1,Central,Furniture,,,,,
2016-01-27,0.0,2016,1,2,27,1,Central,Furniture,,,,,
2016-01-28,39.68,2016,1,3,28,1,West,Office Supplies,,,,,
2016-01-29,0.0,2016,1,4,29,1,Central,Furniture,,,,,
2016-01-30,3107.316,2016,1,5,30,1,Central,Office Supplies,,,,,
2016-01-31,1601.554,2016,1,6,31,1,East,Office Supplies,,,,,
2016-02-01,161.97,2016,2,0,32,1,South,Office Supplies,,,,,
2016-02-02,8996.784,2016,2,1,33,1,East,Office Supplies,,,,,
2016-02-03,866.4,2016,2,2,34,1,South,Furniture,,,,,
2016-02-04,197.868,2016,2,3,35,1,East,Office Supplies,,,,,
2016-02-05,2994.476,2016,2,4,36,1,Central,Office Supplies,,,,,
2016-02-06,132.224,2016,2,5,37,1,South,Furniture,,,,,
2016-02-07,762.142,2016,2,6,38,1,East,Office Supplies,,,,,
2016-02-08,1369.476,2016,2,0,39,1,South,Technology,,,,,
2016-02-09,121.83,2016,2,1,40,1,Central,Technology,,,,,
2016-02-10,0.0,2016,2,2,41,1,Central,Furniture,,,,,
2016-02-11,69.93,2016,2,3,42,1,Central,Technology,,,,,
2016-02-12,1366.04,2016,2,4,43,1,Central,Office Supplies,,,,,
2016-02-13,146.82,2016,2,5,44,1,West,Office Supplies,,,,,
2016-02-14,837.921,2016,2,6,45,1,South,Office Supplies,,,,,
2016-02-15,407.072,2016,2,0,46,1,Central,Office Supplies,,,,,
2016-02-16,1135.638,2016,2,1,47,1,Central,Office Supplies,,,,,
2016-02-17,0.0,2016,2,2,48,1,Central,Furniture,,,,,
2016-02-18,0.0,2016,2,3,49,1,Central,Furniture,,,,,
2016-02-19,392.66,2016,2,4,50,1,West,Office Supplies,,,,,
2016-02-20,16.496,2016,2,5,51,1,South,Office Supplies,,,,,
2016-02-21,1524.126,2016,2,6,52,1,Central,Office Supplies,,,,,
2016-02-22,983.17,2016,2,0,53,1,Central,Office Supplies,,,,,
2016-02-23,57.576,2016,2,1,54,1,East,Office Supplies,,,,,
2016-02-24,0.0,2016,2,2,55,1,Central,Furniture,,,,,
2016-02-25,46.72,2016,2,3,56,1,East,Office Supplies,,,,,
2016-02-26,0.0,2016,2,4,57,1,Central,Furniture,,,,,
2016-02-27,243.892,2016,2,5,58,1,East,Office Supplies,,,,,
2016-02-28,36.48,2016,2,6,59,1,East,Office Supplies,,,,,
2016-02-29,111.104,2016,2,0,60,1,East,Office Supplies,,,,,
2016-03-01,6285.8060000000005,2016,3,1,61,1,West,Office Supplies,,,,,
2016-03-02,0.0,2016,3,2,62,1,Central,Furniture,,,,,
2016-03-03,7264.422,2016,3,3,63,1,Central,Office Supplies,,,,,
2016-03-04,315.45,2016,3,4,64,1,East,Office Supplies,,,,,
2016-03-05,162.344,2016,3,5,65,1,Central,Office Supplies,,,,,
2016-03-06,811.303,2016,3,6,66,1,Central,Office Supplies,,,,,
2016-03-07,21.072,2016,3,0,67,1,Central,Technology,,,,,
2016-03-08,2190.81,2016,3,1,68,1,West,Office Supplies,,,,,
2016-03-09,635.6,2016,3,2,69,1,Central,Office Supplies,,,,,
2016-03-10,7879.734,2016,3,3,70,1,Central,Office Supplies,,,,,
2016-03-11,896.0219999999999,2016,3,4,71,1,Central,Office Supplies,,,,,
2016-03-12,1694.6419999999998,2016,3,5,72,1,East,Office Supplies,,,,,
2016-03-13,8866.882,2016,3,6,73,1,Central,Office Supplies,,,,,
2016-03-14,669.3679999999999,2016,3,0,74,1,East,Office Supplies,,,,,
2016-03-15,2356.808,2016,3,1,75,1,East,Office Supplies,,,,,
2016-03-16,0.0,2016,3,2,76,1,Central,Furniture,,,,,
2016-03-17,2360.3340000000003,2016,3,3,77,1,West,Office Supplies,,,,,
2016-03-18,1061.682,2016,3,4,78,1,Central,Office Supplies,,,,,
2016-03-19,138.68,2016,3,5,79,1,South,Office Supplies,,,,,
2016-03-20,928.311,2016,3,6,80,1,South,Office Supplies,,,,,
2016-03-21,645.7059999999999,2016,3,0,81,1,Central,Office Supplies,,,,,
2016-03-22,226.468,2016,3,1,82,1,Central,Technology,,,,,
2016-03-23,0.0,2016,3,2,83,1,Central,Furniture,,,,,
2016-03-24,745.774,2016,3,3,84,1,West,Office Supplies,,,,,
2016-03-25,1346.97,2016,3,4,85,1,East,Office Supplies,,,,,
2016-03-26,682.246,2016,3,5,86,1,East,Office Supplies,,,,,
2016-03-27,92.7,2016,3,6,87,1,Central,Office Supplies,,,,,
2016-03-28,125.3,2016,3,0,88,1,South,Office Supplies,,,,,
2016-03-29,2659.339,2016,3,1,89,1,Central,Office Supplies,,,,,
2016-03-30,11.34,2016,3,2,90,1,East,Office Supplies,,,,,
2016-03-31,640.762,2016,3,3,91,1,Central,Technology,,,,,
2016-04-01,2161.48,2016,4,4,92,2,South,Office Supplies,,,,,
2016-04-02,1454.9,2016,4,5,93,2,Central,Furniture,,,,,
2016-04-03,441.198,2016,4,6,94,2,East,Office Supplies,,,,,
2016-04-04,970.194,2016,4,0,95,2,Central,Office Supplies,,,,,
2016-04-05,1046.3339999999998,2016,4,1,96,2,Central,Office Supplies,,,,,
2016-04-06,1294.75,2016,4,2,97,2,East,Technology,,,,,
2016-04-07,1970.574,2016,4,3,98,2,West,Office Supplies,,,,,
2016-04-08,2906.404,2016,4,4,99,2,Central,Office Supplies,,,,,
2016-04-09,1115.197,2016,4,5,100,2,Central,Office Supplies,,,,,
2016-04-10,950.594,2016,4,6,101,2,East,Office Supplies,,,,,
2016-04-11,0.0,2016,4,0,102,2,Central,Furniture,,,,,
2016-04-12,1542.53,2016,4,1,103,2,Central,Office Supplies,,,,,
2016-04-13,6.12,2016,4,2,104,2,West,Office Supplies,,,,,
2016-04-14,1466.572,2016,4,3,105,2,East,Office Supplies,,,,,
2016-04-15,2201.856,2016,4,4,106,2,Central,Office Supplies,,,,,
2016-04-16,9335.086,2016,4,5,107,2,West,Office Supplies,,,,,
2016-04-17,421.085,2016,4,6,108,2,West,Office Supplies,,,,,
2016-04-18,2514.538,2016,4,0,109,2,Central,Office Supplies,,,,,
2016-04-19,1414.132,2016,4,1,110,2,Central,Office Supplies,,,,,
2016-04-20,0.0,2016,4,2,111,2,Central,Furniture,,,,,
2016-04-21,271.616,2016,4,3,112,2,West,Office Supplies,,,,,
2016-04-22,1765.465,2016,4,4,113,2,Central,Office Supplies,,,,,
2016-04-23,720.368,2016,4,5,114,2,South,Office Supplies,,,,,
2016-04-24,1607.1,2016,4,6,115,2,Central,Office Supplies,,,,,
2016-04-25,108.42,2016,4,0,116,2,Central,Office Supplies,,,,,
2016-04-26,434.646,2016,4,1,117,2,East,Furniture,,,,,
2016-04-27,0.0,2016,4,2,118,2,Central,Furniture,,,,,
2016-04-28,486.672,2016,4,3,119,2,Central,Office Supplies,,,,,
2016-04-29,0.0,2016,4,4,120,2,Central,Furniture,,,,,
2016-04-30,142.208,2016,4,5,121,2,East,Office Supplies,,,,,
2016-05-01,517.866,2016,5,6,122,2,Central,Office Supplies,,,,,
2016-05-02,1098.136,2016,5,0,123,2,South,Office Supplies,,,,,
2016-05-03,1099.013,2016,5,1,124,2,Central,Office Supplies,,,,,
2016-05-04,0.0,2016,5,2,125,2,Central,Furniture,,,,,
2016-05-05,2701.28,2016,5,3,126,2,Central,Office Supplies,,,,,
2016-05-06,236.96,2016,5,4,127,2,West,Office Supplies,,,,,
2016-05-07,4835.976,2016,5,5,128,2,Central,Office Supplies,,,,,
2016-05-08,1340.244,2016,5,6,129,2,West,Office Supplies,,,,,
2016-05-09,1283.512,2016,5,0,130,2,South,Office Supplies,,,,,
2016-05-10,763.0200000000001,2016,5,1,131,2,East,Office Supplies,,,,,
2016-05-11,5.98,2016,5,2,132,2,West,Office Supplies,,,,,
2016-05-12,918.878,2016,5,3,133,2,South,Office Supplies,,,,,
2016-05-13,0.0,2016,5,4,134,2,Central,Furniture,,,,,
2016-05-14,455.93,2016,5,5,135,2,East,Office Supplies,,,,,
2016-05-15,648.9119999999999,2016,5,6,136,2,Central,Office Supplies,,,,,
2016-05-16,880.4599999999999,2016,5,0,137,2,East,Office Supplies,,,,,
2016-05-17,346.922,2016,5,1,138,2,Central,Office Supplies,,,,,
2016-05-18,122.22,2016,5,2,139,2,Central,Office Supplies,,,,,
2016-05-19,1582.008,2016,5,3,140,2,South,Office Supplies,,,,,
2016-05-20,2471.913,2016,5,4,141,2,Central,Office Supplies,,,,,
2016-05-21,2718.2140000000004,2016,5,5,142,2,East,Office Supplies,,,,,
2016-05-22,1799.2,2016,5,6,143,2,South,Office Supplies,,,,,
2016-05-23,10560.978,2016,5,0,144,2,South,Office Supplies,,,,,
2016-05-24,277.756,2016,5,1,145,2,East,Office Supplies,,,,,
2016-05-25,1311.97,2016,5,2,146,2,Central,Office Supplies,,,,,
2016-05-26,1975.356,2016,5,3,147,2,Central,Office Supplies,,,,,
2016-05-27,5305.078,2016,5,4,148,2,West,Office Supplies,,,,,
2016-05-28,2137.324,2016,5,5,149,2,East,Office Supplies,,,,,
2016-05-29,1063.185,2016,5,6,150,2,Central,Office Supplies,,,,,
2016-05-30,8090.578,2016,5,0,151,2,Central,Office Supplies,,,,,
2016-05-31,438.859,2016,5,1,152,2,Central,Office Supplies,,,,,
2016-06-01,0.0,2016,6,2,153,2,Central,Furniture,,,,,
2016-06-02,157.844,2016,6,3,154,2,East,Office Supplies,,,,,
2016-06-03,71.088,2016,6,4,155,2,West,Furniture,,,,,
2016-06-04,2316.523,2016,6,5,156,2,South,Office Supplies,,,,,
2016-06-05,659.82,2016,6,6,157,2,Central,Office Supplies,,,,,
2016-06-06,6026.312,2016,6,0,158,2,Central,Office Supplies,,,,,
2016-06-07,51.562,2016,6,1,159,2,Central,Office Supplies,,,,,
2016-06-08,0.0,2016,6,2,160,2,Central,Furniture,,,,,
2016-06-09,1688.4720000000002,2016,6,3,161,2,South,Technology,,,,,
2016-06-10,1412.3960000000002,2016,6,4,162,2,East,Office Supplies,,,,,
2016-06-11,1623.416,2016,6,5,163,2,East,Office Supplies,,,,,
2016-06-12,2962.563,2016,6,6,164,2,Central,Office Supplies,,,,,
2016-06-13,430.4380000000001,2016,6,0,165,2,East,Office Supplies,,,,,
2016-06-14,3457.099,2016,6,1,166,2,East,Office Supplies,,,,,
2016-06-15,173.488,2016,6,2,167,2,Central,Office Supplies,,,,,
2016-06-16,147.27499999999998,2016,6,3,168,2,East,Office Supplies,,,,,
2016-06-17,3000.92,2016,6,4,169,2,Central,Office Supplies,,,,,
2016-06-18,541.938,2016,6,5,170,2,Central,Office Supplies,,,,,
2016-06-19,17.12,2016,6,6,171,2,West,Office Supplies,,,,,
2016-06-20,1229.548,2016,6,0,172,2,Central,Office Supplies,,,,,
2016-06-21,577.108,2016,6,1,173,2,Central,Office Supplies,,,,,
2016-06-22,0.0,2016,6,2,174,2,Central,Furniture,,,,,
2016-06-23,2475.094,2016,6,3,175,2,Central,Office Supplies,,,,,
2016-06-24,5310.952,2016,6,4,176,2,Central,Office Supplies,,,,,
2016-06-25,893.266,2016,6,5,177,2,West,Office Supplies,,,,,
2016-06-26,1919.6,2016,6,6,178,2,South,Office Supplies,,,,,
2016-06-27,778.7059999999999,2016,6,0,179,2,West,Office Supplies,,,,,
2016-06-28,877.156,2016,6,1,180,2,Central,Office Supplies,,,,,
2016-06-29,191.88,2016,6,2,181,2,South,Office Supplies,,,,,
2016-06-30,1352.9499999999998,2016,6,3,182,2,Central,Office Supplies,,,,,
2016-07-01,1724.376,2016,7,4,183,3,Central,Office Supplies,,,,,
2016-07-02,772.786,2016,7,5,184,3,South,Office Supplies,,,,,
2016-07-03,847.6999999999999,2016,7,6,185,3,Central,Office Supplies,,,,,
2016-07-04,1651.301,2016,7,0,186,3,Central,Office Supplies,,,,,
2016-07-05,0.0,2016,7,1,187,3,Central,Furniture,,,,,
2016-07-06,0.0,2016,7,2,188,3,Central,Furniture,,,,,
2016-07-07,3882.231,2016,7,3,189,3,South,Office Supplies,,,,,
2016-07-08,2616.512,2016,7,4,190,3,East,Office Supplies,,,,,
2016-07-09,573.286,2016,7,5,191,3,Central,Furniture,,,,,
2016-07-10,895.895,2016,7,6,192,3,East,Office Supplies,,,,,
2016-07-11,0.0,2016,7,0,193,3,Central,Furniture,,,,,
2016-07-12,95.76,2016,7,1,194,3,West,Technology,,,,,
2016-07-13,0.0,2016,7,2,195,3,Central,Furniture,,,,,
2016-07-14,2149.96,2016,7,3,196,3,Central,Office Supplies,,,,,
2016-07-15,380.2,2016,7,4,197,3,Central,Office Supplies,,,,,
2016-07-16,910.17,2016,7,5,198,3,Central,Office Supplies,,,,,
2016-07-17,2184.88,2016,7,6,199,3,Central,Office Supplies,,,,,
2016-07-18,2891.858,2016,7,0,200,3,South,Office Supplies,,,,,
2016-07-19,1536.454,2016,7,1,201,3,Central,Office Supplies,,,,,
2016-07-20,89.95,2016,7,2,202,3,East,Technology,,,,,
2016-07-21,991.095,2016,7,3,203,3,Central,Office Supplies,,,,,
2016-07-22,1368.048,2016,7,4,204,3,Central,Office Supplies,,,,,
2016-07-23,654.587,2016,7,5,205,3,Central,Office Supplies,,,,,
2016-07-24,326.964,2016,7,6,206,3,East,Office Supplies,,,,,
2016-07-25,5920.488,2016,7,0,207,3,Central,Office Supplies,,,,,
2016-07-26,0.0,2016,7,1,208,3,Central,Furniture,,,,,
2016-07-27,0.0,2016,7,2,209,3,Central,Furniture,,,,,
2016-07-28,2033.374,2016,7,3,210,3,West,Office Supplies,,,,,
2016-07-29,819.154,2016,7,4,211,3,East,Office Supplies,,,,,
2016-07-30,1770.7759999999998,2016,7,5,212,3,West,Office Supplies,,,,,
2016-07-31,2174.1580000000004,2016,7,6,213,3,West,Office Supplies,,,,,
2016-08-01,1124.648,2016,8,0,214,3,East,Office Supplies,,,,,
2016-08-02,482.584,2016,8,1,215,3,Central,Office Supplies,,,,,
2016-08-03,248.82,2016,8,2,216,3,Central,Office Supplies,,,,,
2016-08-04,497.91,2016,8,3,217,3,Central,Office Supplies,,,,,
2016-08-05,197.05,2016,8,4,218,3,South,Office Supplies,,,,,
2016-08-06,320.38800000000003,2016,8,5,219,3,West,Office Supplies,,,,,
2016-08-07,179.97,2016,8,6,220,3,West,Technology,,,,,
2016-08-08,1115.204,2016,8,0,221,3,South,Office Supplies,,,,,
2016-08-09,661.3539999999999,2016,8,1,222,3,Central,Office Supplies,,,,,
2016-08-10,0.0,2016,8,2,223,3,Central,Furniture,,,,,
2016-08-11,151.82,2016,8,3,224,3,Central,Office Supplies,,,,,
2016-08-12,3951.9605,2016,8,4,225,3,South,Office Supplies,,,,,
2016-08-13,731.524,2016,8,5,226,3,Central,Office Supplies,,,,,
2016-08-14,923.688,2016,8,6,227,3,South,Office Supplies,,,,,
2016-08-15,1680.2659999999998,2016,8,0,228,3,Central,Office Supplies,,,,,
2016-08-16,204.54,2016,8,1,229,3,Central,Office Supplies,,,,,
2016-08-17,15.712,2016,8,2,230,3,West,Office Supplies,,,,,
2016-08-18,496.114,2016,8,3,231,3,Central,Office Supplies,,,,,
2016-08-19,448.792,2016,8,4,232,3,Central,Office Supplies,,,,,
2016-08-20,14.78,2016,8,5,233,3,Central,Technology,,,,,
2016-08-21,4798.292,2016,8,6,234,3,Central,Office Supplies,,,,,
2016-08-22,405.35,2016,8,0,235,3,Central,Office Supplies,,,,,
2016-08-23,4187.348,2016,8,1,236,3,Central,Office Supplies,,,,,
2016-08-24,0.0,2016,8,2,237,3,Central,Furniture,,,,,
2016-08-25,0.0,2016,8,3,238,3,Central,Furniture,,,,,
2016-08-26,4874.298,2016,8,4,239,3,Central,Office Supplies,,,,,
2016-08-27,767.9110000000001,2016,8,5,240,3,South,Office Supplies,,,,,
2016-08-28,322.0248,2016,8,6,241,3,East,Office Supplies,,,,,
2016-08-29,632.188,2016,8,0,242,3,Central,Office Supplies,,,,,
2016-08-30,1656.87,2016,8,1,243,3,Central,Office Supplies,,,,,
2016-08-31,23.968,2016,8,2,244,3,Central,Office Supplies,,,,,
2016-09-01,5766.152,2016,9,3,245,3,Central,Office Supplies,,,,,
2016-09-02,6792.193,2016,9,4,246,3,Central,Office Supplies,,,,,
2016-09-03,2365.596,2016,9,5,247,3,South,Office Supplies,,,,,
2016-09-04,4532.042,2016,9,6,248,3,Central,Office Supplies,,,,,
2016-09-05,5226.348,2016,9,0,249,3,Central,Office Supplies,,,,,
2016-09-06,1313.536,2016,9,1,250,3,Central,Office Supplies,,,,,
2016-09-07,0.0,2016,9,2,251,3,Central,Furniture,,,,,
2016-09-08,4493.9836000000005,2016,9,3,252,3,Central,Office Supplies,,,,,
2016-09-09,84.992,2016,9,4,253,3,East,Office Supplies,,,,,
2016-09-10,2094.324,2016,9,5,254,3,Central,Office Supplies,,,,,
2016-09-11,6501.586,2016,9,6,255,3,Central,Office Supplies,,,,,
2016-09-12,2043.792,2016,9,0,256,3,East,Office Supplies,,,,,
2016-09-13,2374.73,2016,9,1,257,3,Central,Office Supplies,,,,,
2016-09-14,1137.338,2016,9,2,258,3,South,Office Supplies,,,,,
2016-09-15,2101.182,2016,9,3,259,3,Central,Office Supplies,,,,,
2016-09-16,425.886,2016,9,4,260,3,South,Office Supplies,,,,,
2016-09-17,2043.126,2016,9,5,261,3,South,Office Supplies,,,,,
2016-09-18,4751.082,2016,9,6,262,3,Central,Office Supplies,,,,,
2016-09-19,3839.312,2016,9,0,263,3,Central,Office Supplies,,,,,
2016-09-20,1232.004,2016,9,1,264,3,East,Office Supplies,,,,,
2016-09-21,0.0,2016,9,2,265,3,Central,Furniture,,,,,
2016-09-22,615.57,2016,9,3,266,3,West,Office Supplies,,,,,
2016-09-23,1322.145,2016,9,4,267,3,Central,Office Supplies,,,,,
2016-09-24,2286.05,2016,9,5,268,3,East,Office Supplies,,,,,
2016-09-25,3443.091,2016,9,6,269,3,Central,Office Supplies,,,,,
2016-09-26,2698.1665,2016,9,0,270,3,South,Office Supplies,,,,,
2016-09-27,1992.9858,2016,9,1,271,3,East,Office Supplies,,,,,
2016-09-28,99.136,2016,9,2,272,3,Central,Office Supplies,,,,,
2016-09-29,1307.792,2016,9,3,273,3,East,Office Supplies,,,,,
2016-09-30,525.884,2016,9,4,274,3,East,Office Supplies,,,,,
2016-10-01,781.414,2016,10,5,275,4,East,Office Supplies,,,,,
2016-10-02,18452.972,2016,10,6,276,4,East,Office Supplies,,,,,
2016-10-03,1680.696,2016,10,0,277,4,East,Office Supplies,,,,,
2016-10-04,5912.782,2016,10,1,278,4,Central,Office Supplies,,,,,
2016-10-05,0.0,2016,10,2,279,4,Central,Furniture,,,,,
2016-10-06,830.4000000000001,2016,10,3,280,4,Central,Office Supplies,,,,,
2016-10-07,973.712,2016,10,4,281,4,East,Office Supplies,,,,,
2016-10-08,561.5360000000001,2016,10,5,282,4,South,Office Supplies,,,,,
2016-10-09,546.92,2016,10,6,283,4,Central,Office Supplies,,,,,
2016-10-10,282.75300000000004,2016,10,0,284,4,Central,Office Supplies,,,,,
2016-10-11,33.064,2016,10,1,285,4,Central,Office Supplies,,,,,
2016-10-12,0.0,2016,10,2,286,4,Central,Furniture,,,,,
2016-10-13,1650.618,2016,10,3,287,4,Central,Office Supplies,,,,,
2016-10-14,3335.888,2016,10,4,288,4,West,Office Supplies,,,,,
2016-10-15,1620.15,2016,10,5,289,4,Central,Office Supplies,,,,,
2016-10-16,142.182,2016,10,6,290,4,East,Furniture,,,,,
2016-10-17,2953.346,2016,10,0,291,4,Central,Office Supplies,,,,,
2016-10-18,307.92,2016,10,1,292,4,West,Furniture,,,,,
2016-10-19,0.0,2016,10,2,293,4,Central,Furniture,,,,,
2016-10-20,946.174,2016,10,3,294,4,East,Office Supplies,,,,,
2016-10-21,7951.592,2016,10,4,295,4,Central,Office Supplies,,,,,
2016-10-22,188.28,2016,10,5,296,4,South,Office Supplies,,,,,
2016-10-23,467.422,2016,10,6,297,4,East,Office Supplies,,,,,
2016-10-24,1365.498,2016,10,0,298,4,South,Office Supplies,,,,,
2016-10-25,783.96,2016,10,1,299,4,South,Technology,,,,,
2016-10-26,0.0,2016,10,2,300,4,Central,Furniture,,,,,
2016-10-27,978.79,2016,10,3,301,4,South,Office Supplies,,,,,
2016-10-28,2899.021,2016,10,4,302,4,Central,Office Supplies,,,,,
2016-10-29,131.154,2016,10,5,303,4,West,Office Supplies,,,,,
2016-10-30,159.002,2016,10,6,304,4,West,Office Supplies,,,,,
2016-10-31,3750.499,2016,10,0,305,4,East,Office Supplies,,,,,
2016-11-01,453.374,2016,11,1,306,4,Central,Office Supplies,,,,,
2016-11-02,0.0,2016,11,2,307,4,Central,Furniture,,,,,
2016-11-03,3802.796,2016,11,3,308,4,Central,Office Supplies,,,,,
2016-11-04,3888.818,2016,11,4,309,4,Central,Office Supplies,,,,,
2016-11-05,4266.8988,2016,11,5,310,4,East,Office Supplies,,,,,
2016-11-06,773.2560000000001,2016,11,6,311,4,Central,Office Supplies,,,,,
2016-11-07,3810.464,2016,11,0,312,4,Central,Office Supplies,,,,,
2016-11-08,993.9,2016,11,1,313,4,Central,Furniture,,,,,
2016-11-09,479.97,2016,11,2,314,4,West,Technology,,,,,
2016-11-10,4723.478,2016,11,3,315,4,South,Office Supplies,,,,,
2016-11-11,4944.296,2016,11,4,316,4,Central,Office Supplies,,,,,
2016-11-12,4914.938,2016,11,5,317,4,Central,Office Supplies,,,,,
2016-11-13,2945.138,2016,11,6,318,4,South,Office Supplies,,,,,
2016-11-14,2774.0620000000004,2016,11,0,319,4,Central,Office Supplies,,,,,
2016-11-15,2145.718,2016,11,1,320,4,South,Office Supplies,,,,,
2016-11-16,36.72,2016,11,2,321,4,Central,Office Supplies,,,,,
2016-11-17,142.684,2016,11,3,322,4,Central,Office Supplies,,,,,
2016-11-18,3958.932,2016,11,4,323,4,East,Office Supplies,,,,,
2016-11-19,638.462,2016,11,5,324,4,South,Office Supplies,,,,,
2016-11-20,3070.333,2016,11,6,325,4,Central,Office Supplies,,,,,
2016-11-21,1176.891,2016,11,0,326,4,Central,Office Supplies,,,,,
2016-11-22,317.044,2016,11,1,327,4,Central,Office Supplies,,,,,
2016-11-23,100.616,2016,11,2,328,4,Central,Office Supplies,,,,,
2016-11-24,6394.5380000000005,2016,11,3,329,4,Central,Office Supplies,,,,,
2016-11-25,7978.551,2016,11,4,330,4,West,Office Supplies,,,,,
2016-11-26,8329.743,2016,11,5,331,4,Central,Office Supplies,,,,,
2016-11-27,1651.239,2016,11,6,332,4,Central,Office Supplies,,,,,
2016-11-28,3428.372,2016,11,0,333,4,Central,Office Supplies,,,,,
2016-11-29,300.592,2016,11,1,334,4,Central,Technology,,,,,
2016-11-30,970.142,2016,11,2,335,4,South,Office Supplies,,,,,
2016-12-01,7365.455,2016,12,3,336,4,Central,Office Supplies,,,,,
2016-12-02,4684.616,2016,12,4,337,4,Central,Office Supplies,,,,,
2016-12-03,5269.816,2016,12,5,338,4,Central,Office Supplies,,,,,
2016-12-04,944.286,2016,12,6,339,4,West,Office Supplies,,,,,
2016-12-05,5267.004,2016,12,0,340,4,West,Office Supplies,,,,,
2016-12-06,3878.276,2016,12,1,341,4,Central,Office Supplies,,,,,
2016-12-07,0.0,2016,12,2,342,4,Central,Furniture,,,,,
2016-12-08,4709.095,2016,12,3,343,4,Central,Office Supplies,,,,,
2016-12-09,1855.483,2016,12,4,344,4,West,Office Supplies,,,,,
2016-12-10,3459.71,2016,12,5,345,4,Central,Office Supplies,,,,,
2016-12-11,6102.25,2016,12,6,346,4,Central,Office Supplies,,,,,
2016-12-12,1981.115,2016,12,0,347,4,Central,Office Supplies,,,,,
2016-12-13,1194.088,2016,12,1,348,4,Central,Office Supplies,,,,,
2016-12-14,828.654,2016,12,2,349,4,South,Office Supplies,,,,,
2016-12-15,2637.087,2016,12,3,350,4,East,Office Supplies,,,,,
2016-12-16,628.5419999999999,2016,12,4,351,4,East,Office Supplies,,,,,
2016-12-17,12185.134,2016,12,5,352,4,Central,Office Supplies,,,,,
2016-12-18,7051.35,2016,12,6,353,4,Central,Office Supplies,,,,,
2016-12-19,815.1120000000001,2016,12,0,354,4,Central,Office Supplies,,,,,
2016-12-20,134.54,2016,12,1,355,4,Central,Office Supplies,,,,,
2016-12-21,0.0,2016,12,2,356,4,Central,Furniture,,,,,
2016-12-22,1043.128,2016,12,3,357,4,East,Office Supplies,,,,,
2016-12-23,6965.857,2016,12,4,358,4,Central,Office Supplies,,,,,
2016-12-24,1938.26,2016,12,5,359,4,Central,Office Supplies,,,,,
2016-12-25,10488.055,2016,12,6,360,4,Central,Office Supplies,,,,,
2016-12-26,1829.418,2016,12,0,361,4,Central,Office Supplies,,,,,
2016-12-27,959.49,2016,12,1,362,4,South,Office Supplies,,,,,
2016-12-28,0.0,2016,12,2,363,4,Central,Furniture,,,,,
2016-12-29,1277.68,2016,12,3,364,4,Central,Office Supplies,,,,,
2016-12-30,773.774,2016,12,4,365,4,South,Office Supplies,,,,,
2016-12-31,731.768,2016,12,5,366,4,East,Office Supplies,,,,,
2017-01-01,1481.8280000000002,2017,1,6,1,1,East,Office Supplies,,,,,
2017-01-02,2079.554,2017,1,0,2,1,West,Office Supplies,,,,,
2017-01-03,2070.272,2017,1,1,3,1,Central,Office Supplies,,,,,
2017-01-04,0.0,2017,1,2,4,1,Central,Furniture,,,,,
2017-01-05,0.0,2017,1,3,5,1,Central,Furniture,,,,,
2017-01-06,33.74,2017,1,4,6,1,South,Office Supplies,,,,,
2017-01-07,3395.59,2017,1,5,7,1,South,Office Supplies,,,,,
2017-01-08,892.98,2017,1,6,8,1,West,Furniture,,,,,
2017-01-09,274.491,2017,1,0,9,1,East,Office Supplies,,,,,
2017-01-10,0.0,2017,1,1,10,1,Central,Furniture,,,,,
2017-01-11,0.0,2017,1,2,11,1,Central,Furniture,,,,,
2017-01-12,848.52,2017,1,3,12,1,West,Office Supplies,,,,,
2017-01-13,4619.33,2017,1,4,13,1,Central,Office Supplies,,,,,
2017-01-14,1056.038,2017,1,5,14,1,Central,Office Supplies,,,,,
2017-01-15,2140.28,2017,1,6,15,1,West,Office Supplies,,,,,
2017-01-16,6230.292,2017,1,0,16,1,Central,Office Supplies,,,,,
2017-01-17,0.0,2017,1,1,17,1,Central,Furniture,,,,,
2017-01-18,0.0,2017,1,2,18,1,Central,Furniture,,,,,
2017-01-19,2013.715,2017,1,3,19,1,Central,Office Supplies,,,,,
2017-01-20,767.838,2017,1,4,20,1,Central,Office Supplies,,,,,
2017-01-21,2546.643,2017,1,5,21,1,Central,Office Supplies,,,,,
2017-01-22,4212.372,2017,1,6,22,1,Central,Office Supplies,,,,,
2017-01-23,450.334,2017,1,0,23,1,Central,Office Supplies,,,,,
2017-01-24,418.666,2017,1,1,24,1,South,Office Supplies,,,,,
2017-01-25,0.0,2017,1,2,25,1,Central,Furniture,,,,,
2017-01-26,3055.28,2017,1,3,26,1,West,Office Supplies,,,,,
2017-01-27,331.914,2017,1,4,27,1,Central,Office Supplies,,,,,
2017-01-28,1007.52,2017,1,5,28,1,East,Office Supplies,,,,,
2017-01-29,294.842,2017,1,6,29,1,Central,Office Supplies,,,,,
2017-01-30,3749.335,2017,1,0,30,1,South,Office Supplies,,,,,
2017-01-31,0.0,2017,1,1,31,1,Central,Furniture,,,,,
2017-02-01,0.0,2017,2,2,32,1,Central,Furniture,,,,,
2017-02-02,913.354,2017,2,3,33,1,Central,Office Supplies,,,,,
2017-02-03,922.327,2017,2,4,34,1,Central,Office Supplies,,,,,
2017-02-04,32.67,2017,2,5,35,1,East,Office Supplies,,,,,
2017-02-05,2263.012,2017,2,6,36,1,Central,Office Supplies,,,,,
2017-02-06,904.354,2017,2,0,37,1,South,Office Supplies,,,,,
2017-02-07,0.0,2017,2,1,38,1,Central,Furniture,,,,,
2017-02-08,0.0,2017,2,2,39,1,Central,Furniture,,,,,
2017-02-09,773.7639999999999,2017,2,3,40,1,Central,Office Supplies,,,,,
2017-02-10,227.103,2017,2,4,41,1,East,Office Supplies,,,,,
2017-02-11,1241.516,2017,2,5,42,1,Central,Office Supplies,,,,,
2017-02-12,0.0,2017,2,6,43,1,Central,Furniture,,,,,
2017-02-13,1058.43,2017,2,0,44,1,Central,Office Supplies,,,,,
2017-02-14,0.0,2017,2,1,45,1,Central,Furniture,,,,,
2017-02-15,0.0,2017,2,2,46,1,Central,Furniture,,,,,
2017-02-16,1337.442,2017,2,3,47,1,Central,Office Supplies,,,,,
2017-02-17,2964.8174,2017,2,4,48,1,South,Office Supplies,,,,,
2017-02-18,287.326,2017,2,5,49,1,Central,Office Supplies,,,,,
2017-02-19,1314.59,2017,2,6,50,1,South,Office Supplies,,,,,
2017-02-20,1150.29,2017,2,0,51,1,Central,Office Supplies,,,,,
2017-02-21,47.904,2017,2,1,52,1,Central,Technology,,,,,
2017-02-22,0.0,2017,2,2,53,1,Central,Furniture,,,,,
2017-02-23,117.79999999999998,2017,2,3,54,1,Central,Office Supplies,,,,,
2017-02-24,1448.676,2017,2,4,55,1,Central,Office Supplies,,,,,
2017-02-25,430.492,2017,2,5,56,1,Central,Office Supplies,,,,,
2017-02-26,2847.646,2017,2,6,57,1,Central,Office Supplies,,,,,
2017-02-27,0.0,2017,2,0,58,1,Central,Furniture,,,,,
2017-02-28,17.62,2017,2,1,59,1,Central,Office Supplies,,,,,
2017-03-01,0.0,2017,3,2,60,1,Central,Furniture,,,,,
2017-03-02,1450.126,2017,3,3,61,1,Central,Office Supplies,,,,,
2017-03-03,2000.104,2017,3,4,62,1,South,Office Supplies,,,,,
2017-03-04,228.822,2017,3,5,63,1,Central,Office Supplies,,,,,
2017-03-05,1240.02,2017,3,6,64,1,Central,Office Supplies,,,,,
2017-03-06,778.236,2017,3,0,65,1,Central,Office Supplies,,,,,
2017-03-07,166.59,2017,3,1,66,1,Central,Office Supplies,,,,,
2017-03-08,843.1,2017,3,2,67,1,Central,Office Supplies,,,,,
2017-03-09,710.804,2017,3,3,68,1,Central,Office Supplies,,,,,
2017-03-10,1252.952,2017,3,4,69,1,West,Office Supplies,,,,,
2017-03-11,1973.708,2017,3,5,70,1,Central,Office Supplies,,,,,
2017-03-12,353.28,2017,3,6,71,1,East,Office Supplies,,,,,
2017-03-13,4791.35,2017,3,0,72,1,Central,Office Supplies,,,,,
2017-03-14,49.616,2017,3,1,73,1,Central,Technology,,,,,
2017-03-15,0.0,2017,3,2,74,1,Central,Furniture,,,,,
2017-03-16,2014.381,2017,3,3,75,1,Central,Office Supplies,,,,,
2017-03-17,542.746,2017,3,4,76,1,South,Office Supplies,,,,,
2017-03-18,1027.758,2017,3,5,77,1,Central,Office Supplies,,,,,
2017-03-19,2166.248,2017,3,6,78,1,Central,Office Supplies,,,,,
2017-03-20,899.568,2017,3,0,79,1,West,Office Supplies,,,,,
2017-03-21,3332.636,2017,3,1,80,1,East,Office Supplies,,,,,
2017-03-22,0.0,2017,3,2,81,1,Central,Furniture,,,,,
2017-03-23,14816.068,2017,3,3,82,1,Central,Office Supplies,,,,,
2017-03-24,1257.298,2017,3,4,83,1,Central,Office Supplies,,,,,
2017-03-25,3567.026,2017,3,5,84,1,East,Office Supplies,,,,,
2017-03-26,3252.88,2017,3,6,85,1,West,Office Supplies,,,,,
2017-03-27,2933.516,2017,3,0,86,1,East,Office Supplies,,,,,
2017-03-28,1504.702,2017,3,1,87,1,South,Office Supplies,,,,,
2017-03-29,81.4,2017,3,2,88,1,Central,Office Supplies,,,,,
2017-03-30,656.407,2017,3,3,89,1,East,Office Supplies,,,,,
2017-03-31,4981.010799999999,2017,3,4,90,1,West,Office Supplies,,,,,
2017-04-01,5972.988,2017,4,5,91,2,East,Office Supplies,,,,,
2017-04-02,822.97,2017,4,6,92,2,East,Office Supplies,,,,,
2017-04-03,32.528,2017,4,0,93,2,East,Office Supplies,,,,,
2017-04-04,808.47,2017,4,1,94,2,Central,Office Supplies,,,,,
2017-04-05,0.0,2017,4,2,95,2,Central,Furniture,,,,,
2017-04-06,114.42,2017,4,3,96,2,South,Office Supplies,,,,,
2017-04-07,1971.2905,2017,4,4,97,2,Central,Office Supplies,,,,,
2017-04-08,6401.93,2017,4,5,98,2,Central,Office Supplies,,,,,
2017-04-09,1626.71,2017,4,6,99,2,Central,Office Supplies,,,,,
2017-04-10,755.529,2017,4,0,100,2,Central,Office Supplies,,,,,
2017-04-11,319.806,2017,4,1,101,2,Central,Office Supplies,,,,,
2017-04-12,69.66,2017,4,2,102,2,Central,Office Supplies,,,,,
2017-04-13,1345.8239999999998,2017,4,3,103,2,East,Office Supplies,,,,,
2017-04-14,652.93,2017,4,4,104,2,South,Office Supplies,,,,,
2017-04-15,332.338,2017,4,5,105,2,Central,Office Supplies,,,,,
2017-04-16,944.429,2017,4,6,106,2,East,Office Supplies,,,,,
2017-04-17,3431.4590000000003,2017,4,0,107,2,East,Office Supplies,,,,,
2017-04-18,0.0,2017,4,1,108,2,Central,Furniture,,,,,
2017-04-19,0.0,2017,4,2,109,2,Central,Furniture,,,,,
2017-04-20,2033.24,2017,4,3,110,2,Central,Office Supplies,,,,,
2017-04-21,1254.564,2017,4,4,111,2,East,Office Supplies,,,,,
2017-04-22,947.692,2017,4,5,112,2,East,Office Supplies,,,,,
2017-04-23,1199.222,2017,4,6,113,2,Central,Office Supplies,,,,,
2017-04-24,928.558,2017,4,0,114,2,South,Office Supplies,,,,,
2017-04-25,678.113,2017,4,1,115,2,Central,Office Supplies,,,,,
2017-04-26,61.608,2017,4,2,116,2,Central,Office Supplies,,,,,
2017-04-27,576.5756,2017,4,3,117,2,Central,Office Supplies,,,,,
2017-04-28,795.296,2017,4,4,118,2,Central,Office Supplies,,,,,
2017-04-29,1053.26,2017,4,5,119,2,Central,Office Supplies,,,,,
2017-04-30,1390.1260000000002,2017,4,6,120,2,Central,Office Supplies,,,,,
2017-05-01,4108.37,2017,5,0,121,2,Central,Office Supplies,,,,,
2017-05-02,399.11,2017,5,1,122,2,East,Office Supplies,,,,,
2017-05-03,1386.346,2017,5,2,123,2,Central,Office Supplies,,,,,
2017-05-04,1389.4050000000002,2017,5,3,124,2,Central,Office Supplies,,,,,
2017-05-05,185.123,2017,5,4,125,2,East,Office Supplies,,,,,
2017-05-06,3183.3698,2017,5,5,126,2,East,Office Supplies,,,,,
2017-05-07,2549.468,2017,5,6,127,2,Central,Office Supplies,,,,,
2017-05-08,3658.554000000001,2017,5,0,128,2,Central,Office Supplies,,,,,
2017-05-09,1078.222,2017,5,1,129,2,Central,Office Supplies,,,,,
2017-05-10,0.0,2017,5,2,130,2,Central,Furniture,,,,,
2017-05-11,449.469,2017,5,3,131,2,East,Office Supplies,,,,,
2017-05-12,970.384,2017,5,4,132,2,Central,Office Supplies,,,,,
2017-05-13,3066.378,2017,5,5,133,2,South,Office Supplies,,,,,
2017-05-14,4182.062,2017,5,6,134,2,South,Office Supplies,,,,,
2017-05-15,421.264,2017,5,0,135,2,Central,Office Supplies,,,,,
2017-05-16,221.024,2017,5,1,136,2,East,Office Supplies,,,,,
2017-05-17,0.0,2017,5,2,137,2,Central,Furniture,,,,,
2017-05-18,1830.508,2017,5,3,138,2,West,Office Supplies,,,,,
2017-05-19,4919.182,2017,5,4,139,2,Central,Office Supplies,,,,,
2017-05-20,2997.578,2017,5,5,140,2,Central,Office Supplies,,,,,
2017-05-21,538.02,2017,5,6,141,2,Central,Office Supplies,,,,,
2017-05-22,336.56199999999995,2017,5,0,142,2,Central,Office Supplies,,,,,
2017-05-23,241.436,2017,5,1,143,2,West,Office Supplies,,,,,
2017-05-24,0.0,2017,5,2,144,2,Central,Furniture,,,,,
2017-05-25,886.026,2017,5,3,145,2,South,Office Supplies,,,,,
2017-05-26,270.24,2017,5,4,146,2,West,Office Supplies,,,,,
2017-05-27,2084.908,2017,5,5,147,2,Central,Office Supplies,,,,,
2017-05-28,1480.103,2017,5,6,148,2,South,Office Supplies,,,,,
2017-05-29,691.108,2017,5,0,149,2,Central,Office Supplies,,,,,
2017-05-30,736.8904,2017,5,1,150,2,Central,Office Supplies,,,,,
2017-05-31,0.0,2017,5,2,151,2,Central,Furniture,,,,,
2017-06-01,5058.362,2017,6,3,152,2,Central,Office Supplies,,,,,
2017-06-02,135.70600000000002,2017,6,4,153,2,South,Office Supplies,,,,,
2017-06-03,2952.036,2017,6,5,154,2,Central,Office Supplies,,,,,
2017-06-04,279.414,2017,6,6,155,2,Central,Office Supplies,,,,,
2017-06-05,491.112,2017,6,0,156,2,South,Office Supplies,,,,,
2017-06-06,31.35,2017,6,1,157,2,Central,Office Supplies,,,,,
2017-06-07,0.0,2017,6,2,158,2,Central,Furniture,,,,,
2017-06-08,2227.038,2017,6,3,159,2,East,Office Supplies,,,,,
2017-06-09,939.133,2017,6,4,160,2,South,Office Supplies,,,,,
2017-06-10,2513.3430000000003,2017,6,5,161,2,South,Office Supplies,,,,,
2017-06-11,1580.894,2017,6,6,162,2,Central,Office Supplies,,,,,
2017-06-12,1679.968,2017,6,0,163,2,Central,Office Supplies,,,,,
2017-06-13,1156.018,2017,6,1,164,2,South,Office Supplies,,,,,
2017-06-14,0.0,2017,6,2,165,2,Central,Furniture,,,,,
2017-06-15,4057.51,2017,6,3,166,2,Central,Office Supplies,,,,,
2017-06-16,2724.194,2017,6,4,167,2,Central,Office Supplies,,,,,
2017-06-17,3896.672,2017,6,5,168,2,Central,Office Supplies,,,,,
2017-06-18,1031.1555,2017,6,6,169,2,Central,Office Supplies,,,,,
2017-06-19,2115.941,2017,6,0,170,2,Central,Office Supplies,,,,,
2017-06-20,1028.228,2017,6,1,171,2,Central,Office Supplies,,,,,
2017-06-21,595.656,2017,6,2,172,2,Central,Office Supplies,,,,,
2017-06-22,579.019,2017,6,3,173,2,South,Office Supplies,,,,,
2017-06-23,0.0,2017,6,4,174,2,Central,Furniture,,,,,
2017-06-24,1287.614,2017,6,5,175,2,Central,Office Supplies,,,,,
2017-06-25,1508.352,2017,6,6,176,2,East,Office Supplies,,,,,
2017-06-26,4224.136,2017,6,0,177,2,Central,Office Supplies,,,,,
2017-06-27,1644.906,2017,6,1,178,2,East,Office Supplies,,,,,
2017-06-28,0.0,2017,6,2,179,2,Central,Furniture,,,,,
2017-06-29,4521.9912,2017,6,3,180,2,Central,Office Supplies,,,,,
2017-06-30,4721.977,2017,6,4,181,2,South,Office Supplies,,,,,
2017-07-01,639.83,2017,7,5,182,3,Central,Office Supplies,,,,,
2017-07-02,169.192,2017,7,6,183,3,Central,Office Supplies,,,,,
2017-07-03,6963.404,2017,7,0,184,3,Central,Office Supplies,,,,,
2017-07-04,0.0,2017,7,1,185,3,Central,Furniture,,,,,
2017-07-05,476.354,2017,7,2,186,3,Central,Office Supplies,,,,,
2017-07-06,380.378,2017,7,3,187,3,South,Office Supplies,,,,,
2017-07-07,1620.25,2017,7,4,188,3,West,Office Supplies,,,,,
2017-07-08,1980.264,2017,7,5,189,3,Central,Office Supplies,,,,,
2017-07-09,1671.214,2017,7,6,190,3,West,Office Supplies,,,,,
2017-07-10,359.21399999999994,2017,7,0,191,3,Central,Office Supplies,,,,,
2017-07-11,1728.892,2017,7,1,192,3,East,Office Supplies,,,,,
2017-07-12,3.816,2017,7,2,193,3,East,Office Supplies,,,,,
2017-07-13,504.542,2017,7,3,194,3,Central,Office Supplies,,,,,
2017-07-14,3598.934,2017,7,4,195,3,Central,Office Supplies,,,,,
2017-07-15,2132.229,2017,7,5,196,3,Central,Office Supplies,,,,,
2017-07-16,316.636,2017,7,6,197,3,East,Office Supplies,,,,,
2017-07-17,2191.873,2017,7,0,198,3,South,Office Supplies,,,,,
2017-07-18,2106.794,2017,7,1,199,3,Central,Office Supplies,,,,,
2017-07-19,0.0,2017,7,2,200,3,Central,Furniture,,,,,
2017-07-20,2283.208,2017,7,3,201,3,Central,Office Supplies,,,,,
2017-07-21,3685.944,2017,7,4,202,3,Central,Office Supplies,,,,,
2017-07-22,556.3140000000001,2017,7,5,203,3,East,Technology,,,,,
2017-07-23,898.188,2017,7,6,204,3,Central,Office Supplies,,,,,
2017-07-24,2399.96,2017,7,0,205,3,West,Technology,,,,,
2017-07-25,798.742,2017,7,1,206,3,Central,Office Supplies,,,,,
2017-07-26,2012.302,2017,7,2,207,3,Central,Technology,,,,,
2017-07-27,1142.68,2017,7,3,208,3,Central,Office Supplies,,,,,
2017-07-28,1170.564,2017,7,4,209,3,Central,Office Supplies,,,,,
2017-07-29,1391.294,2017,7,5,210,3,East,Office Supplies,,,,,
2017-07-30,523.376,2017,7,6,211,3,Central,Office Supplies,,,,,
2017-07-31,1558.028,2017,7,0,212,3,South,Office Supplies,,,,,
2017-08-01,2085.65,2017,8,1,213,3,South,Office Supplies,,,,,
2017-08-02,0.0,2017,8,2,214,3,Central,Furniture,,,,,
2017-08-03,531.348,2017,8,3,215,3,East,Office Supplies,,,,,
2017-08-04,20.07,2017,8,4,216,3,Central,Office Supplies,,,,,
2017-08-05,503.676,2017,8,5,217,3,South,Office Supplies,,,,,
2017-08-06,1424.026,2017,8,6,218,3,Central,Office Supplies,,,,,
2017-08-07,3479.624,2017,8,0,219,3,South,Office Supplies,,,,,
2017-08-08,0.0,2017,8,1,220,3,Central,Furniture,,,,,
2017-08-09,0.0,2017,8,2,221,3,Central,Furniture,,,,,
2017-08-10,1823.07,2017,8,3,222,3,Central,Office Supplies,,,,,
2017-08-11,708.726,2017,8,4,223,3,East,Office Supplies,,,,,
2017-08-12,3693.084,2017,8,5,224,3,South,Office Supplies,,,,,
2017-08-13,2643.164,2017,8,6,225,3,East,Office Supplies,,,,,
2017-08-14,440.736,2017,8,0,226,3,Central,Office Supplies,,,,,
2017-08-15,1949.872,2017,8,1,227,3,Central,Office Supplies,,,,,
2017-08-16,80.564,2017,8,2,228,3,Central,Office Supplies,,,,,
2017-08-17,9517.288,2017,8,3,229,3,Central,Office Supplies,,,,,
2017-08-18,7078.484,2017,8,4,230,3,Central,Office Supplies,,,,,
2017-08-19,512.446,2017,8,5,231,3,West,Office Supplies,,,,,
2017-08-20,692.95,2017,8,6,232,3,East,Office Supplies,,,,,
2017-08-21,8551.054,2017,8,0,233,3,South,Office Supplies,,,,,
2017-08-22,524.54,2017,8,1,234,3,East,Furniture,,,,,
2017-08-23,4590.344,2017,8,2,235,3,Central,Office Supplies,,,,,
2017-08-24,685.0560000000002,2017,8,3,236,3,Central,Office Supplies,,,,,
2017-08-25,361.988,2017,8,4,237,3,Central,Office Supplies,,,,,
2017-08-26,190.66,2017,8,5,238,3,South,Office Supplies,,,,,
2017-08-27,6190.538,2017,8,6,239,3,Central,Office Supplies,,,,,
2017-08-28,1443.6319999999998,2017,8,0,240,3,Central,Office Supplies,,,,,
2017-08-29,235.468,2017,8,1,241,3,East,Office Supplies,,,,,
2017-08-30,0.0,2017,8,2,242,3,Central,Furniture,,,,,
2017-08-31,3162.83,2017,8,3,243,3,Central,Office Supplies,,,,,
2017-09-01,1261.81,2017,9,4,244,3,East,Office Supplies,,,,,
2017-09-02,9354.854,2017,9,5,245,3,South,Office Supplies,,,,,
2017-09-03,1595.849,2017,9,6,246,3,South,Office Supplies,,,,,
2017-09-04,5360.202,2017,9,0,247,3,Central,Office Supplies,,,,,
2017-09-05,327.044,2017,9,1,248,3,West,Office Supplies,,,,,
2017-09-06,0.0,2017,9,2,249,3,Central,Furniture,,,,,
2017-09-07,3848.565,2017,9,3,250,3,South,Office Supplies,,,,,
2017-09-08,2184.327,2017,9,4,251,3,Central,Office Supplies,,,,,
2017-09-09,4356.061,2017,9,5,252,3,Central,Office Supplies,,,,,
2017-09-10,2506.646,2017,9,6,253,3,South,Office Supplies,,,,,
2017-09-11,5564.006,2017,9,0,254,3,Central,Office Supplies,,,,,
2017-09-12,491.55,2017,9,1,255,3,Central,Office Supplies,,,,,
2017-09-13,15.92,2017,9,2,256,3,South,Office Supplies,,,,,
2017-09-14,4367.347,2017,9,3,257,3,West,Office Supplies,,,,,
2017-09-15,7285.026,2017,9,4,258,3,South,Office Supplies,,,,,
2017-09-16,849.65,2017,9,5,259,3,South,Office Supplies,,,,,
2017-09-17,4979.226,2017,9,6,260,3,Central,Office Supplies,,,,,
2017-09-18,1511.93,2017,9,0,261,3,Central,Office Supplies,,,,,
2017-09-19,1648.188,2017,9,1,262,3,Central,Office Supplies,,,,,
2017-09-20,7359.918,2017,9,2,263,3,Central,Office Supplies,,,,,
2017-09-21,338.172,2017,9,3,264,3,East,Office Supplies,,,,,
2017-09-22,7871.213,2017,9,4,265,3,Central,Office Supplies,,,,,
2017-09-23,2395.786,2017,9,5,266,3,Central,Office Supplies,,,,,
2017-09-24,6450.462,2017,9,6,267,3,Central,Office Supplies,,,,,
2017-09-25,1412.213,2017,9,0,268,3,South,Office Supplies,,,,,
2017-09-26,1486.576,2017,9,1,269,3,South,Office Supplies,,,,,
2017-09-27,0.0,2017,9,2,270,3,Central,Furniture,,,,,
2017-09-28,559.271,2017,9,3,271,3,East,Office Supplies,,,,,
2017-09-29,1944.08,2017,9,4,272,3,South,Office Supplies,,,,,
2017-09-30,540.76,2017,9,5,273,3,Central,Office Supplies,,,,,
2017-10-01,2978.466,2017,10,6,274,4,East,Office Supplies,,,,,
2017-10-02,5418.022,2017,10,0,275,4,Central,Office Supplies,,,,,
2017-10-03,2504.48,2017,10,1,276,4,West,Office Supplies,,,,,
2017-10-04,19.98,2017,10,2,277,4,East,Furniture,,,,,
2017-10-05,6684.616,2017,10,3,278,4,Central,Office Supplies,,,,,
2017-10-06,1499.652,2017,10,4,279,4,Central,Office Supplies,,,,,
2017-10-07,2749.21,2017,10,5,280,4,Central,Office Supplies,,,,,
2017-10-08,608.356,2017,10,6,281,4,Central,Office Supplies,,,,,
2017-10-09,1496.589,2017,10,0,282,4,South,Office Supplies,,,,,
2017-10-10,239.358,2017,10,1,283,4,Central,Furniture,,,,,
2017-10-11,0.0,2017,10,2,284,4,Central,Furniture,,,,,
2017-10-12,5635.354,2017,10,3,285,4,South,Office Supplies,,,,,
2017-10-13,8405.802,2017,10,4,286,4,Central,Office Supplies,,,,,
2017-10-14,134.332,2017,10,5,287,4,East,Office Supplies,,,,,
2017-10-15,1017.94,2017,10,6,288,4,East,Office Supplies,,,,,
2017-10-16,3473.597,2017,10,0,289,4,East,Office Supplies,,,,,
2017-10-17,126.352,2017,10,1,290,4,Central,Office Supplies,,,,,
2017-10-18,0.0,2017,10,2,291,4,Central,Furniture,,,,,
2017-10-19,2781.8702000000003,2017,10,3,292,4,South,Office Supplies,,,,,
2017-10-20,1333.858,2017,10,4,293,4,Central,Office Supplies,,,,,
2017-10-21,4537.201,2017,10,5,294,4,Central,Office Supplies,,,,,
2017-10-22,15158.877,2017,10,6,295,4,Central,Office Supplies,,,,,
2017-10-23,3352.394,2017,10,0,296,4,South,Office Supplies,,,,,
2017-10-24,529.0849999999999,2017,10,1,297,4,South,Office Supplies,,,,,
2017-10-25,0.0,2017,10,2,298,4,Central,Furniture,,,,,
2017-10-26,999.868,2017,10,3,299,4,Central,Office Supplies,,,,,
2017-10-27,1086.32,2017,10,4,300,4,Central,Office Supplies,,,,,
2017-10-28,408.726,2017,10,5,301,4,Central,Office Supplies,,,,,
2017-10-29,46.96,2017,10,6,302,4,East,Office Supplies,,,,,
2017-10-30,4025.73,2017,10,0,303,4,Central,Office Supplies,,,,,
2017-10-31,523.928,2017,10,1,304,4,Central,Office Supplies,,,,,
2017-11-01,2921.43,2017,11,2,305,4,Central,Office Supplies,,,,,
2017-11-02,6294.386,2017,11,3,306,4,Central,Office Supplies,,,,,
2017-11-03,4536.937,2017,11,4,307,4,Central,Office Supplies,,,,,
2017-11-04,10668.096,2017,11,5,308,4,Central,Office Supplies,,,,,
2017-11-05,2355.064,2017,11,6,309,4,Central,Office Supplies,,,,,
2017-11-06,4288.75,2017,11,0,310,4,Central,Office Supplies,,,,,
2017-11-07,2413.378,2017,11,1,311,4,Central,Office Supplies,,,,,
2017-11-08,384.1,2017,11,2,312,4,Central,Office Supplies,,,,,
2017-11-09,4751.492,2017,11,3,313,4,Central,Office Supplies,,,,,
2017-11-10,4007.548,2017,11,4,314,4,South,Office Supplies,,,,,
2017-11-11,1815.218,2017,11,5,315,4,Central,Office Supplies,,,,,
2017-11-12,2911.386,2017,11,6,316,4,South,Office Supplies,,,,,
2017-11-13,6633.4202000000005,2017,11,0,317,4,Central,Office Supplies,,,,,
2017-11-14,834.6579999999999,2017,11,1,318,4,Central,Office Supplies,,,,,
2017-11-15,559.2,2017,11,2,319,4,Central,Furniture,,,,,
2017-11-16,4755.234,2017,11,3,320,4,Central,Office Supplies,,,,,
2017-11-17,13694.8828,2017,11,4,321,4,Central,Office Supplies,,,,,
2017-11-18,1469.756,2017,11,5,322,4,Central,Office Supplies,,,,,
2017-11-19,7397.272,2017,11,6,323,4,Central,Office Supplies,,,,,
2017-11-20,2988.274,2017,11,0,324,4,Central,Office Supplies,,,,,
2017-11-21,2236.184,2017,11,1,325,4,Central,Office Supplies,,,,,
2017-11-22,35.712,2017,11,2,326,4,Central,Office Supplies,,,,,
2017-11-23,1153.109,2017,11,3,327,4,Central,Office Supplies,,,,,
2017-11-24,4959.641,2017,11,4,328,4,Central,Office Supplies,,,,,
2017-11-25,3666.157,2017,11,5,329,4,Central,Office Supplies,,,,,
2017-11-26,5048.1720000000005,2017,11,6,330,4,South,Office Supplies,,,,,
2017-11-27,1618.254,2017,11,0,331,4,Central,Office Supplies,,,,,
2017-11-28,6912.944,2017,11,1,332,4,Central,Office Supplies,,,,,
2017-11-29,491.888,2017,11,2,333,4,Central,Furniture,,,,,
2017-11-30,6645.282,2017,11,3,334,4,West,Office Supplies,,,,,
2017-12-01,5331.178,2017,12,4,335,4,Central,Office Supplies,,,,,
2017-12-02,9951.182,2017,12,5,336,4,Central,Office Supplies,,,,,
2017-12-03,1403.842,2017,12,6,337,4,Central,Office Supplies,,,,,
2017-12-04,2639.638,2017,12,0,338,4,South,Office Supplies,,,,,
2017-12-05,1453.136,2017,12,1,339,4,Central,Office Supplies,,,,,
2017-12-06,10.68,2017,12,2,340,4,West,Office Supplies,,,,,
2017-12-07,2916.514,2017,12,3,341,4,East,Office Supplies,,,,,
2017-12-08,7643.041,2017,12,4,342,4,Central,Office Supplies,,,,,
2017-12-09,5470.39,2017,12,5,343,4,Central,Office Supplies,,,,,
2017-12-10,3873.559,2017,12,6,344,4,Central,Office Supplies,,,,,
2017-12-11,2823.965,2017,12,0,345,4,Central,Office Supplies,,,,,
2017-12-12,0.0,2017,12,1,346,4,Central,Furniture,,,,,
2017-12-13,580.936,2017,12,2,347,4,East,Office Supplies,,,,,
2017-12-14,3897.714,2017,12,3,348,4,Central,Office Supplies,,,,,
2017-12-15,306.88800000000003,2017,12,4,349,4,Central,Office Supplies,,,,,
2017-12-16,858.702,2017,12,5,350,4,East,Office Supplies,,,,,
2017-12-17,2027.758,2017,12,6,351,4,Central,Office Supplies,,,,,
2017-12-18,3645.911,2017,12,0,352,4,South,Office Supplies,,,,,
2017-12-19,1895.926,2017,12,1,353,4,South,Office Supplies,,,,,
2017-12-20,377.736,2017,12,2,354,4,Central,Office Supplies,,,,,
2017-12-21,2140.94,2017,12,3,355,4,Central,Office Supplies,,,,,
2017-12-22,7442.021,2017,12,4,356,4,Central,Office Supplies,,,,,
2017-12-23,1926.776,2017,12,5,357,4,West,Office Supplies,,,,,
2017-12-24,6233.054,2017,12,6,358,4,Central,Office Supplies,,,,,
2017-12-25,2698.927,2017,12,0,359,4,Central,Office Supplies,,,,,
2017-12-26,814.5939999999999,2017,12,1,360,4,East,Office Supplies,,,,,
2017-12-27,177.636,2017,12,2,361,4,Central,Office Supplies,,,,,
2017-12-28,1657.3508000000002,2017,12,3,362,4,South,Office Supplies,,,,,
2017-12-29,2915.534,2017,12,4,363,4,East,Office Supplies,,,,,
2017-12-30,713.7900000000001,2017,12,5,364,4,Central,Office Supplies,,,,,
